-- phpMyAdmin SQL Dump
-- version 5.2.1
-- https://www.phpmyadmin.net/
--
-- Host: 127.0.0.1
-- Generation Time: Jun 21, 2023 at 04:23 PM
-- Server version: 10.4.28-MariaDB
-- PHP Version: 8.0.28

SET SQL_MODE = "NO_AUTO_VALUE_ON_ZERO";
START TRANSACTION;
SET time_zone = "+00:00";


/*!40101 SET @OLD_CHARACTER_SET_CLIENT=@@CHARACTER_SET_CLIENT */;
/*!40101 SET @OLD_CHARACTER_SET_RESULTS=@@CHARACTER_SET_RESULTS */;
/*!40101 SET @OLD_COLLATION_CONNECTION=@@COLLATION_CONNECTION */;
/*!40101 SET NAMES utf8mb4 */;

--
-- Database: `employee`
--

-- --------------------------------------------------------

--
-- Table structure for table `tbl_attendance`
--

CREATE TABLE `tbl_attendance` (
  `id` int(11) NOT NULL,
  `employee_id` int(11) NOT NULL,
  `att_date` date NOT NULL,
  `att_status` int(11) NOT NULL DEFAULT 0 COMMENT '0 Absent,1 Present'
) ENGINE=InnoDB DEFAULT CHARSET=utf8mb4 COLLATE=utf8mb4_general_ci;

--
-- Dumping data for table `tbl_attendance`
--

INSERT INTO `tbl_attendance` (`id`, `employee_id`, `att_date`, `att_status`) VALUES
(1, 1, '2023-05-01', 1),
(2, 2, '2023-05-01', 1),
(3, 3, '2023-05-01', 1),
(4, 4, '2023-05-01', 0),
(5, 5, '2023-05-01', 1),
(6, 6, '2023-05-01', 1),
(7, 7, '2023-05-01', 1),
(8, 8, '2023-05-01', 1),
(9, 9, '2023-05-01', 1),
(10, 10, '2023-05-01', 1),
(11, 11, '2023-05-01', 1),
(12, 12, '2023-05-01', 1),
(13, 13, '2023-05-01', 1),
(14, 14, '2023-05-01', 0),
(15, 15, '2023-05-01', 1),
(16, 16, '2023-05-01', 1),
(17, 17, '2023-05-01', 1),
(18, 18, '2023-05-01', 1),
(19, 19, '2023-05-01', 1),
(20, 20, '2023-05-01', 1),
(21, 21, '2023-05-01', 1),
(22, 22, '2023-05-01', 1),
(23, 23, '2023-05-01', 0),
(24, 24, '2023-05-01', 1),
(25, 25, '2023-05-01', 1),
(26, 26, '2023-05-01', 1),
(27, 27, '2023-05-01', 0),
(55, 1, '2023-05-02', 1),
(56, 2, '2023-05-02', 0),
(57, 3, '2023-05-02', 1),
(58, 4, '2023-05-02', 1),
(59, 5, '2023-05-02', 1),
(60, 6, '2023-05-02', 0),
(61, 7, '2023-05-02', 1),
(62, 8, '2023-05-02', 1),
(63, 9, '2023-05-02', 1),
(64, 10, '2023-05-02', 0),
(65, 11, '2023-05-02', 1),
(66, 12, '2023-05-02', 1),
(67, 13, '2023-05-02', 1),
(68, 14, '2023-05-02', 1),
(69, 15, '2023-05-02', 1),
(70, 16, '2023-05-02', 1),
(71, 17, '2023-05-02', 1),
(72, 18, '2023-05-02', 1),
(73, 19, '2023-05-02', 1),
(74, 20, '2023-05-02', 1),
(75, 21, '2023-05-02', 1),
(76, 22, '2023-05-02', 0),
(77, 23, '2023-05-02', 1),
(78, 24, '2023-05-02', 1),
(79, 25, '2023-05-02', 1),
(80, 26, '2023-05-02', 1),
(81, 27, '2023-05-02', 1),
(136, 1, '2023-05-03', 1),
(137, 2, '2023-05-03', 0),
(138, 3, '2023-05-03', 1),
(139, 4, '2023-05-03', 1),
(140, 5, '2023-05-03', 1),
(141, 6, '2023-05-03', 1),
(142, 7, '2023-05-03', 1),
(143, 8, '2023-05-03', 1),
(144, 9, '2023-05-03', 1),
(145, 10, '2023-05-03', 1),
(146, 11, '2023-05-03', 1),
(147, 12, '2023-05-03', 1),
(148, 13, '2023-05-03', 1),
(149, 14, '2023-05-03', 1),
(150, 15, '2023-05-03', 1),
(151, 16, '2023-05-03', 1),
(152, 17, '2023-05-03', 1),
(153, 18, '2023-05-03', 1),
(154, 19, '2023-05-03', 1),
(155, 20, '2023-05-03', 1),
(156, 21, '2023-05-03', 1),
(157, 22, '2023-05-03', 1),
(158, 23, '2023-05-03', 1),
(159, 24, '2023-05-03', 1),
(160, 25, '2023-05-03', 1),
(161, 26, '2023-05-03', 1),
(162, 27, '2023-05-03', 1),
(163, 1, '2023-05-04', 1),
(164, 2, '2023-05-04', 1),
(165, 3, '2023-05-04', 1),
(166, 4, '2023-05-04', 1),
(167, 5, '2023-05-04', 1),
(168, 6, '2023-05-04', 1),
(169, 7, '2023-05-04', 1),
(170, 8, '2023-05-04', 1),
(171, 9, '2023-05-04', 1),
(172, 10, '2023-05-04', 1),
(173, 11, '2023-05-04', 1),
(174, 12, '2023-05-04', 1),
(175, 13, '2023-05-04', 1),
(176, 14, '2023-05-04', 1),
(177, 15, '2023-05-04', 1),
(178, 16, '2023-05-04', 1),
(179, 17, '2023-05-04', 0),
(180, 18, '2023-05-04', 0),
(181, 19, '2023-05-04', 1),
(182, 20, '2023-05-04', 1),
(183, 21, '2023-05-04', 1),
(184, 22, '2023-05-04', 1),
(185, 23, '2023-05-04', 1),
(186, 24, '2023-05-04', 1),
(187, 25, '2023-05-04', 1),
(188, 26, '2023-05-04', 1),
(189, 27, '2023-05-04', 1),
(190, 1, '2023-05-06', 0),
(191, 2, '2023-05-06', 1),
(192, 3, '2023-05-06', 1),
(193, 4, '2023-05-06', 1),
(194, 5, '2023-05-06', 1),
(195, 6, '2023-05-06', 1),
(196, 7, '2023-05-06', 1),
(197, 8, '2023-05-06', 1),
(198, 9, '2023-05-06', 1),
(199, 10, '2023-05-06', 1),
(200, 11, '2023-05-06', 1),
(201, 12, '2023-05-06', 1),
(202, 13, '2023-05-06', 1),
(203, 14, '2023-05-06', 1),
(204, 15, '2023-05-06', 1),
(205, 16, '2023-05-06', 1),
(206, 17, '2023-05-06', 1),
(207, 18, '2023-05-06', 1),
(208, 19, '2023-05-06', 1),
(209, 20, '2023-05-06', 1),
(210, 21, '2023-05-06', 1),
(211, 22, '2023-05-06', 1),
(212, 23, '2023-05-06', 1),
(213, 24, '2023-05-06', 1),
(214, 25, '2023-05-06', 1),
(215, 26, '2023-05-06', 1),
(216, 27, '2023-05-06', 1),
(244, 1, '2023-05-07', 0),
(245, 2, '2023-05-07', 1),
(246, 3, '2023-05-07', 1),
(247, 4, '2023-05-07', 1),
(248, 5, '2023-05-07', 1),
(249, 6, '2023-05-07', 0),
(250, 7, '2023-05-07', 1),
(251, 8, '2023-05-07', 1),
(252, 9, '2023-05-07', 1),
(253, 10, '2023-05-07', 1),
(254, 11, '2023-05-07', 1),
(255, 12, '2023-05-07', 1),
(256, 13, '2023-05-07', 1),
(257, 14, '2023-05-07', 1),
(258, 15, '2023-05-07', 1),
(259, 16, '2023-05-07', 1),
(260, 17, '2023-05-07', 1),
(261, 18, '2023-05-07', 1),
(262, 19, '2023-05-07', 1),
(263, 20, '2023-05-07', 1),
(264, 21, '2023-05-07', 1),
(265, 22, '2023-05-07', 1),
(266, 23, '2023-05-07', 1),
(267, 24, '2023-05-07', 1),
(268, 25, '2023-05-07', 1),
(269, 26, '2023-05-07', 1),
(270, 27, '2023-05-07', 1),
(271, 1, '2023-05-08', 1),
(272, 2, '2023-05-08', 1),
(273, 3, '2023-05-08', 1),
(274, 4, '2023-05-08', 1),
(275, 5, '2023-05-08', 1),
(276, 6, '2023-05-08', 1),
(277, 7, '2023-05-08', 1),
(278, 8, '2023-05-08', 1),
(279, 9, '2023-05-08', 1),
(280, 10, '2023-05-08', 1),
(281, 11, '2023-05-08', 1),
(282, 12, '2023-05-08', 1),
(283, 13, '2023-05-08', 1),
(284, 14, '2023-05-08', 1),
(285, 15, '2023-05-08', 1),
(286, 16, '2023-05-08', 1),
(287, 17, '2023-05-08', 0),
(288, 18, '2023-05-08', 0),
(289, 19, '2023-05-08', 1),
(290, 20, '2023-05-08', 0),
(291, 21, '2023-05-08', 1),
(292, 22, '2023-05-08', 1),
(293, 23, '2023-05-08', 0),
(294, 24, '2023-05-08', 1),
(295, 25, '2023-05-08', 0),
(296, 26, '2023-05-08', 1),
(297, 27, '2023-05-08', 1),
(298, 1, '2023-05-09', 1),
(299, 2, '2023-05-09', 1),
(300, 3, '2023-05-09', 1),
(301, 4, '2023-05-09', 1),
(302, 5, '2023-05-09', 1),
(303, 6, '2023-05-09', 1),
(304, 7, '2023-05-09', 1),
(305, 8, '2023-05-09', 1),
(306, 9, '2023-05-09', 1),
(307, 10, '2023-05-09', 1),
(308, 11, '2023-05-09', 1),
(309, 12, '2023-05-09', 1),
(310, 13, '2023-05-09', 1),
(311, 14, '2023-05-09', 0),
(312, 15, '2023-05-09', 1),
(313, 16, '2023-05-09', 0),
(314, 17, '2023-05-09', 1),
(315, 18, '2023-05-09', 1),
(316, 19, '2023-05-09', 1),
(317, 20, '2023-05-09', 1),
(318, 21, '2023-05-09', 1),
(319, 22, '2023-05-09', 0),
(320, 23, '2023-05-09', 1),
(321, 24, '2023-05-09', 1),
(322, 25, '2023-05-09', 1),
(323, 26, '2023-05-09', 1),
(324, 27, '2023-05-09', 1),
(325, 1, '2023-05-10', 1),
(326, 2, '2023-05-10', 0),
(327, 3, '2023-05-10', 1),
(328, 4, '2023-05-10', 1),
(329, 5, '2023-05-10', 0),
(330, 6, '2023-05-10', 1),
(331, 7, '2023-05-10', 1),
(332, 8, '2023-05-10', 1),
(333, 9, '2023-05-10', 1),
(334, 10, '2023-05-10', 1),
(335, 11, '2023-05-10', 1),
(336, 12, '2023-05-10', 1),
(337, 13, '2023-05-10', 1),
(338, 14, '2023-05-10', 1),
(339, 15, '2023-05-10', 1),
(340, 16, '2023-05-10', 1),
(341, 17, '2023-05-10', 1),
(342, 18, '2023-05-10', 1),
(343, 19, '2023-05-10', 1),
(344, 20, '2023-05-10', 1),
(345, 21, '2023-05-10', 1),
(346, 22, '2023-05-10', 1),
(347, 23, '2023-05-10', 1),
(348, 24, '2023-05-10', 1),
(349, 25, '2023-05-10', 1),
(350, 26, '2023-05-10', 1),
(351, 27, '2023-05-10', 1),
(352, 1, '2023-05-11', 1),
(353, 2, '2023-05-11', 1),
(354, 3, '2023-05-11', 1),
(355, 4, '2023-05-11', 1),
(356, 5, '2023-05-11', 1),
(357, 6, '2023-05-11', 1),
(358, 7, '2023-05-11', 1),
(359, 8, '2023-05-11', 1),
(360, 9, '2023-05-11', 1),
(361, 10, '2023-05-11', 1),
(362, 11, '2023-05-11', 1),
(363, 12, '2023-05-11', 1),
(364, 13, '2023-05-11', 1),
(365, 14, '2023-05-11', 1),
(366, 15, '2023-05-11', 1),
(367, 16, '2023-05-11', 1),
(368, 17, '2023-05-11', 1),
(369, 18, '2023-05-11', 1),
(370, 19, '2023-05-11', 1),
(371, 20, '2023-05-11', 1),
(372, 21, '2023-05-11', 1),
(373, 22, '2023-05-11', 1),
(374, 23, '2023-05-11', 0),
(375, 24, '2023-05-11', 1),
(376, 25, '2023-05-11', 1),
(377, 26, '2023-05-11', 1),
(378, 27, '2023-05-11', 0),
(379, 1, '2023-05-13', 1),
(380, 2, '2023-05-13', 1),
(381, 3, '2023-05-13', 1),
(382, 4, '2023-05-13', 1),
(383, 5, '2023-05-13', 1),
(384, 6, '2023-05-13', 1),
(385, 7, '2023-05-13', 1),
(386, 8, '2023-05-13', 1),
(387, 9, '2023-05-13', 1),
(388, 10, '2023-05-13', 1),
(389, 11, '2023-05-13', 1),
(390, 12, '2023-05-13', 1),
(391, 13, '2023-05-13', 1),
(392, 14, '2023-05-13', 1),
(393, 15, '2023-05-13', 1),
(394, 16, '2023-05-13', 0),
(395, 17, '2023-05-13', 1),
(396, 18, '2023-05-13', 1),
(397, 19, '2023-05-13', 1),
(398, 20, '2023-05-13', 0),
(399, 21, '2023-05-13', 1),
(400, 22, '2023-05-13', 1),
(401, 23, '2023-05-13', 1),
(402, 24, '2023-05-13', 0),
(403, 25, '2023-05-13', 1),
(404, 26, '2023-05-13', 1),
(405, 27, '2023-05-13', 1),
(433, 1, '2023-05-15', 1),
(434, 2, '2023-05-15', 0),
(435, 3, '2023-05-15', 1),
(436, 4, '2023-05-15', 1),
(437, 5, '2023-05-15', 0),
(438, 6, '2023-05-15', 1),
(439, 7, '2023-05-15', 0),
(440, 8, '2023-05-15', 1),
(441, 9, '2023-05-15', 1),
(442, 10, '2023-05-15', 1),
(443, 11, '2023-05-15', 1),
(444, 12, '2023-05-15', 1),
(445, 13, '2023-05-15', 1),
(446, 14, '2023-05-15', 1),
(447, 15, '2023-05-15', 1),
(448, 16, '2023-05-15', 1),
(449, 17, '2023-05-15', 1),
(450, 18, '2023-05-15', 1),
(451, 19, '2023-05-15', 1),
(452, 20, '2023-05-15', 1),
(453, 21, '2023-05-15', 1),
(454, 22, '2023-05-15', 1),
(455, 23, '2023-05-15', 1),
(456, 24, '2023-05-15', 1),
(457, 25, '2023-05-15', 1),
(458, 26, '2023-05-15', 1),
(459, 27, '2023-05-15', 1),
(460, 1, '2023-05-14', 1),
(461, 2, '2023-05-14', 0),
(462, 3, '2023-05-14', 1),
(463, 4, '2023-05-14', 0),
(464, 5, '2023-05-14', 1),
(465, 6, '2023-05-14', 0),
(466, 7, '2023-05-14', 1),
(467, 8, '2023-05-14', 1),
(468, 9, '2023-05-14', 1),
(469, 10, '2023-05-14', 0),
(470, 11, '2023-05-14', 1),
(471, 12, '2023-05-14', 1),
(472, 13, '2023-05-14', 1),
(473, 14, '2023-05-14', 1),
(474, 15, '2023-05-14', 1),
(475, 16, '2023-05-14', 1),
(476, 17, '2023-05-14', 1),
(477, 18, '2023-05-14', 1),
(478, 19, '2023-05-14', 1),
(479, 20, '2023-05-14', 1),
(480, 21, '2023-05-14', 1),
(481, 22, '2023-05-14', 1),
(482, 23, '2023-05-14', 1),
(483, 24, '2023-05-14', 1),
(484, 25, '2023-05-14', 1),
(485, 26, '2023-05-14', 1),
(486, 27, '2023-05-14', 1),
(487, 1, '2023-05-16', 1),
(488, 2, '2023-05-16', 1),
(489, 3, '2023-05-16', 1),
(490, 4, '2023-05-16', 1),
(491, 5, '2023-05-16', 1),
(492, 6, '2023-05-16', 1),
(493, 7, '2023-05-16', 1),
(494, 8, '2023-05-16', 1),
(495, 9, '2023-05-16', 1),
(496, 10, '2023-05-16', 1),
(497, 11, '2023-05-16', 1),
(498, 12, '2023-05-16', 1),
(499, 13, '2023-05-16', 1),
(500, 14, '2023-05-16', 1),
(501, 15, '2023-05-16', 1),
(502, 16, '2023-05-16', 1),
(503, 17, '2023-05-16', 1),
(504, 18, '2023-05-16', 1),
(505, 19, '2023-05-16', 1),
(506, 20, '2023-05-16', 1),
(507, 21, '2023-05-16', 1),
(508, 22, '2023-05-16', 1),
(509, 23, '2023-05-16', 1),
(510, 24, '2023-05-16', 1),
(511, 25, '2023-05-16', 0),
(512, 26, '2023-05-16', 1),
(513, 27, '2023-05-16', 1),
(514, 1, '2023-05-17', 1),
(515, 2, '2023-05-17', 1),
(516, 3, '2023-05-17', 1),
(517, 4, '2023-05-17', 1),
(518, 5, '2023-05-17', 0),
(519, 6, '2023-05-17', 1),
(520, 7, '2023-05-17', 0),
(521, 8, '2023-05-17', 1),
(522, 9, '2023-05-17', 1),
(523, 10, '2023-05-17', 1),
(524, 11, '2023-05-17', 1),
(525, 12, '2023-05-17', 1),
(526, 13, '2023-05-17', 1),
(527, 14, '2023-05-17', 1),
(528, 15, '2023-05-17', 1),
(529, 16, '2023-05-17', 1),
(530, 17, '2023-05-17', 1),
(531, 18, '2023-05-17', 1),
(532, 19, '2023-05-17', 1),
(533, 20, '2023-05-17', 1),
(534, 21, '2023-05-17', 1),
(535, 22, '2023-05-17', 1),
(536, 23, '2023-05-17', 1),
(537, 24, '2023-05-17', 1),
(538, 25, '2023-05-17', 1),
(539, 26, '2023-05-17', 1),
(540, 27, '2023-05-17', 1),
(541, 1, '2023-05-18', 1),
(542, 2, '2023-05-18', 1),
(543, 3, '2023-05-18', 1),
(544, 4, '2023-05-18', 1),
(545, 5, '2023-05-18', 0),
(546, 6, '2023-05-18', 1),
(547, 7, '2023-05-18', 1),
(548, 8, '2023-05-18', 0),
(549, 9, '2023-05-18', 1),
(550, 10, '2023-05-18', 0),
(551, 11, '2023-05-18', 1),
(552, 12, '2023-05-18', 1),
(553, 13, '2023-05-18', 1),
(554, 14, '2023-05-18', 1),
(555, 15, '2023-05-18', 1),
(556, 16, '2023-05-18', 1),
(557, 17, '2023-05-18', 1),
(558, 18, '2023-05-18', 1),
(559, 19, '2023-05-18', 1),
(560, 20, '2023-05-18', 1),
(561, 21, '2023-05-18', 1),
(562, 22, '2023-05-18', 1),
(563, 23, '2023-05-18', 1),
(564, 24, '2023-05-18', 1),
(565, 25, '2023-05-18', 1),
(566, 26, '2023-05-18', 1),
(567, 27, '2023-05-18', 1),
(568, 1, '2023-05-20', 1),
(569, 2, '2023-05-20', 1),
(570, 3, '2023-05-20', 1),
(571, 4, '2023-05-20', 1),
(572, 5, '2023-05-20', 1),
(573, 6, '2023-05-20', 1),
(574, 7, '2023-05-20', 1),
(575, 8, '2023-05-20', 1),
(576, 9, '2023-05-20', 1),
(577, 10, '2023-05-20', 1),
(578, 11, '2023-05-20', 1),
(579, 12, '2023-05-20', 1),
(580, 13, '2023-05-20', 1),
(581, 14, '2023-05-20', 1),
(582, 15, '2023-05-20', 1),
(583, 16, '2023-05-20', 1),
(584, 17, '2023-05-20', 1),
(585, 18, '2023-05-20', 1),
(586, 19, '2023-05-20', 1),
(587, 20, '2023-05-20', 1),
(588, 21, '2023-05-20', 1),
(589, 22, '2023-05-20', 1),
(590, 23, '2023-05-20', 1),
(591, 24, '2023-05-20', 1),
(592, 25, '2023-05-20', 1),
(593, 26, '2023-05-20', 1),
(594, 27, '2023-05-20', 1),
(595, 1, '2023-05-21', 1),
(596, 2, '2023-05-21', 1),
(597, 3, '2023-05-21', 1),
(598, 4, '2023-05-21', 1),
(599, 5, '2023-05-21', 0),
(600, 6, '2023-05-21', 1),
(601, 7, '2023-05-21', 1),
(602, 8, '2023-05-21', 0),
(603, 9, '2023-05-21', 0),
(604, 10, '2023-05-21', 1),
(605, 11, '2023-05-21', 1),
(606, 12, '2023-05-21', 1),
(607, 13, '2023-05-21', 1),
(608, 14, '2023-05-21', 1),
(609, 15, '2023-05-21', 1),
(610, 16, '2023-05-21', 1),
(611, 17, '2023-05-21', 1),
(612, 18, '2023-05-21', 1),
(613, 19, '2023-05-21', 1),
(614, 20, '2023-05-21', 1),
(615, 21, '2023-05-21', 1),
(616, 22, '2023-05-21', 1),
(617, 23, '2023-05-21', 1),
(618, 24, '2023-05-21', 1),
(619, 25, '2023-05-21', 1),
(620, 26, '2023-05-21', 1),
(621, 27, '2023-05-21', 1),
(622, 1, '2023-05-22', 1),
(623, 2, '2023-05-22', 1),
(624, 3, '2023-05-22', 1),
(625, 4, '2023-05-22', 1),
(626, 5, '2023-05-22', 1),
(627, 6, '2023-05-22', 0),
(628, 7, '2023-05-22', 1),
(629, 8, '2023-05-22', 1),
(630, 9, '2023-05-22', 1),
(631, 10, '2023-05-22', 1),
(632, 11, '2023-05-22', 1),
(633, 12, '2023-05-22', 1),
(634, 13, '2023-05-22', 1),
(635, 14, '2023-05-22', 1),
(636, 15, '2023-05-22', 1),
(637, 16, '2023-05-22', 1),
(638, 17, '2023-05-22', 1),
(639, 18, '2023-05-22', 1),
(640, 19, '2023-05-22', 1),
(641, 20, '2023-05-22', 1),
(642, 21, '2023-05-22', 1),
(643, 22, '2023-05-22', 1),
(644, 23, '2023-05-22', 1),
(645, 24, '2023-05-22', 1),
(646, 25, '2023-05-22', 1),
(647, 26, '2023-05-22', 1),
(648, 27, '2023-05-22', 1),
(649, 1, '2023-05-23', 1),
(650, 2, '2023-05-23', 1),
(651, 3, '2023-05-23', 1),
(652, 4, '2023-05-23', 0),
(653, 5, '2023-05-23', 1),
(654, 6, '2023-05-23', 0),
(655, 7, '2023-05-23', 1),
(656, 8, '2023-05-23', 1),
(657, 9, '2023-05-23', 1),
(658, 10, '2023-05-23', 1),
(659, 11, '2023-05-23', 1),
(660, 12, '2023-05-23', 1),
(661, 13, '2023-05-23', 1),
(662, 14, '2023-05-23', 1),
(663, 15, '2023-05-23', 1),
(664, 16, '2023-05-23', 1),
(665, 17, '2023-05-23', 1),
(666, 18, '2023-05-23', 1),
(667, 19, '2023-05-23', 1),
(668, 20, '2023-05-23', 1),
(669, 21, '2023-05-23', 1),
(670, 22, '2023-05-23', 1),
(671, 23, '2023-05-23', 1),
(672, 24, '2023-05-23', 1),
(673, 25, '2023-05-23', 1),
(674, 26, '2023-05-23', 1),
(675, 27, '2023-05-23', 1),
(676, 1, '2023-05-24', 1),
(677, 2, '2023-05-24', 1),
(678, 3, '2023-05-24', 1),
(679, 4, '2023-05-24', 1),
(680, 5, '2023-05-24', 1),
(681, 6, '2023-05-24', 1),
(682, 7, '2023-05-24', 1),
(683, 8, '2023-05-24', 1),
(684, 9, '2023-05-24', 0),
(685, 10, '2023-05-24', 1),
(686, 11, '2023-05-24', 0),
(687, 12, '2023-05-24', 1),
(688, 13, '2023-05-24', 1),
(689, 14, '2023-05-24', 1),
(690, 15, '2023-05-24', 1),
(691, 16, '2023-05-24', 1),
(692, 17, '2023-05-24', 1),
(693, 18, '2023-05-24', 1),
(694, 19, '2023-05-24', 1),
(695, 20, '2023-05-24', 1),
(696, 21, '2023-05-24', 1),
(697, 22, '2023-05-24', 1),
(698, 23, '2023-05-24', 1),
(699, 24, '2023-05-24', 1),
(700, 25, '2023-05-24', 1),
(701, 26, '2023-05-24', 1),
(702, 27, '2023-05-24', 1),
(703, 1, '2023-05-27', 1),
(704, 2, '2023-05-27', 1),
(705, 3, '2023-05-27', 0),
(706, 4, '2023-05-27', 1),
(707, 5, '2023-05-27', 1),
(708, 6, '2023-05-27', 1),
(709, 7, '2023-05-27', 1),
(710, 8, '2023-05-27', 1),
(711, 9, '2023-05-27', 1),
(712, 10, '2023-05-27', 1),
(713, 11, '2023-05-27', 1),
(714, 12, '2023-05-27', 1),
(715, 13, '2023-05-27', 1),
(716, 14, '2023-05-27', 1),
(717, 15, '2023-05-27', 1),
(718, 16, '2023-05-27', 1),
(719, 17, '2023-05-27', 1),
(720, 18, '2023-05-27', 1),
(721, 19, '2023-05-27', 1),
(722, 20, '2023-05-27', 1),
(723, 21, '2023-05-27', 1),
(724, 22, '2023-05-27', 1),
(725, 23, '2023-05-27', 1),
(726, 24, '2023-05-27', 1),
(727, 25, '2023-05-27', 1),
(728, 26, '2023-05-27', 1),
(729, 27, '2023-05-27', 1),
(730, 1, '2023-05-25', 1),
(731, 2, '2023-05-25', 1),
(732, 3, '2023-05-25', 1),
(733, 4, '2023-05-25', 1),
(734, 5, '2023-05-25', 1),
(735, 6, '2023-05-25', 0),
(736, 7, '2023-05-25', 1),
(737, 8, '2023-05-25', 0),
(738, 9, '2023-05-25', 1),
(739, 10, '2023-05-25', 1),
(740, 11, '2023-05-25', 1),
(741, 12, '2023-05-25', 1),
(742, 13, '2023-05-25', 1),
(743, 14, '2023-05-25', 1),
(744, 15, '2023-05-25', 1),
(745, 16, '2023-05-25', 1),
(746, 17, '2023-05-25', 1),
(747, 18, '2023-05-25', 1),
(748, 19, '2023-05-25', 1),
(749, 20, '2023-05-25', 1),
(750, 21, '2023-05-25', 1),
(751, 22, '2023-05-25', 1),
(752, 23, '2023-05-25', 1),
(753, 24, '2023-05-25', 1),
(754, 25, '2023-05-25', 1),
(755, 26, '2023-05-25', 1),
(756, 27, '2023-05-25', 1),
(757, 1, '2023-05-28', 1),
(758, 2, '2023-05-28', 1),
(759, 3, '2023-05-28', 1),
(760, 4, '2023-05-28', 1),
(761, 5, '2023-05-28', 1),
(762, 6, '2023-05-28', 1),
(763, 7, '2023-05-28', 1),
(764, 8, '2023-05-28', 1),
(765, 9, '2023-05-28', 1),
(766, 10, '2023-05-28', 1),
(767, 11, '2023-05-28', 1),
(768, 12, '2023-05-28', 1),
(769, 13, '2023-05-28', 1),
(770, 14, '2023-05-28', 1),
(771, 15, '2023-05-28', 1),
(772, 16, '2023-05-28', 1),
(773, 17, '2023-05-28', 1),
(774, 18, '2023-05-28', 1),
(775, 19, '2023-05-28', 1),
(776, 20, '2023-05-28', 1),
(777, 21, '2023-05-28', 1),
(778, 22, '2023-05-28', 1),
(779, 23, '2023-05-28', 1),
(780, 24, '2023-05-28', 1),
(781, 25, '2023-05-28', 1),
(782, 26, '2023-05-28', 1),
(783, 27, '2023-05-28', 1),
(784, 1, '2023-05-29', 1),
(785, 2, '2023-05-29', 1),
(786, 3, '2023-05-29', 1),
(787, 4, '2023-05-29', 1),
(788, 5, '2023-05-29', 1),
(789, 6, '2023-05-29', 1),
(790, 7, '2023-05-29', 1),
(791, 8, '2023-05-29', 1),
(792, 9, '2023-05-29', 1),
(793, 10, '2023-05-29', 1),
(794, 11, '2023-05-29', 1),
(795, 12, '2023-05-29', 1),
(796, 13, '2023-05-29', 1),
(797, 14, '2023-05-29', 1),
(798, 15, '2023-05-29', 1),
(799, 16, '2023-05-29', 1),
(800, 17, '2023-05-29', 1),
(801, 18, '2023-05-29', 1),
(802, 19, '2023-05-29', 1),
(803, 20, '2023-05-29', 1),
(804, 21, '2023-05-29', 1),
(805, 22, '2023-05-29', 1),
(806, 23, '2023-05-29', 1),
(807, 24, '2023-05-29', 1),
(808, 25, '2023-05-29', 1),
(809, 26, '2023-05-29', 1),
(810, 27, '2023-05-29', 1),
(811, 1, '2023-05-30', 1),
(812, 2, '2023-05-30', 1),
(813, 3, '2023-05-30', 1),
(814, 4, '2023-05-30', 0),
(815, 5, '2023-05-30', 1),
(816, 6, '2023-05-30', 1),
(817, 7, '2023-05-30', 1),
(818, 8, '2023-05-30', 1),
(819, 9, '2023-05-30', 1),
(820, 10, '2023-05-30', 1),
(821, 11, '2023-05-30', 1),
(822, 12, '2023-05-30', 1),
(823, 13, '2023-05-30', 1),
(824, 14, '2023-05-30', 1),
(825, 15, '2023-05-30', 1),
(826, 16, '2023-05-30', 1),
(827, 17, '2023-05-30', 1),
(828, 18, '2023-05-30', 1),
(829, 19, '2023-05-30', 1),
(830, 20, '2023-05-30', 1),
(831, 21, '2023-05-30', 1),
(832, 22, '2023-05-30', 1),
(833, 23, '2023-05-30', 1),
(834, 24, '2023-05-30', 1),
(835, 25, '2023-05-30', 1),
(836, 26, '2023-05-30', 1),
(837, 27, '2023-05-30', 1),
(838, 1, '2023-05-31', 1),
(839, 2, '2023-05-31', 1),
(840, 3, '2023-05-31', 1),
(841, 4, '2023-05-31', 1),
(842, 5, '2023-05-31', 1),
(843, 6, '2023-05-31', 1),
(844, 7, '2023-05-31', 1),
(845, 8, '2023-05-31', 1),
(846, 9, '2023-05-31', 1),
(847, 10, '2023-05-31', 1),
(848, 11, '2023-05-31', 1),
(849, 12, '2023-05-31', 1),
(850, 13, '2023-05-31', 1),
(851, 14, '2023-05-31', 1),
(852, 15, '2023-05-31', 1),
(853, 16, '2023-05-31', 1),
(854, 17, '2023-05-31', 1),
(855, 18, '2023-05-31', 1),
(856, 19, '2023-05-31', 1),
(857, 20, '2023-05-31', 1),
(858, 21, '2023-05-31', 1),
(859, 22, '2023-05-31', 1),
(860, 23, '2023-05-31', 1),
(861, 24, '2023-05-31', 1),
(862, 25, '2023-05-31', 1),
(863, 26, '2023-05-31', 1),
(864, 27, '2023-05-31', 1),
(865, 0, '0000-00-00', 0),
(866, 2, '2023-06-12', 1),
(867, 3, '2023-06-12', 1),
(868, 4, '2023-06-12', 1),
(869, 5, '2023-06-12', 1),
(870, 6, '2023-06-12', 1),
(871, 7, '2023-06-12', 1),
(872, 8, '2023-06-12', 1),
(873, 9, '2023-06-12', 1),
(874, 10, '2023-06-12', 0),
(875, 11, '2023-06-12', 1),
(876, 12, '2023-06-12', 1),
(877, 13, '2023-06-12', 1),
(878, 14, '2023-06-12', 1),
(879, 15, '2023-06-12', 1),
(880, 16, '2023-06-12', 1),
(881, 17, '2023-06-12', 1),
(882, 18, '2023-06-12', 1),
(883, 19, '2023-06-12', 1),
(884, 20, '2023-06-12', 1),
(885, 21, '2023-06-12', 1),
(886, 22, '2023-06-12', 1),
(887, 23, '2023-06-12', 1),
(888, 24, '2023-06-12', 1),
(889, 25, '2023-06-12', 0),
(890, 26, '2023-06-12', 1),
(891, 27, '2023-06-12', 0),
(892, 1, '2023-06-11', 1),
(893, 2, '2023-06-11', 1),
(894, 3, '2023-06-11', 1),
(895, 4, '2023-06-11', 1),
(896, 5, '2023-06-11', 1),
(897, 6, '2023-06-11', 1),
(898, 7, '2023-06-11', 1),
(899, 8, '2023-06-11', 1),
(900, 9, '2023-06-11', 1),
(901, 10, '2023-06-11', 0),
(902, 11, '2023-06-11', 1),
(903, 12, '2023-06-11', 1),
(904, 13, '2023-06-11', 1),
(905, 14, '2023-06-11', 1),
(906, 15, '2023-06-11', 1),
(907, 16, '2023-06-11', 1),
(908, 17, '2023-06-11', 1),
(909, 18, '2023-06-11', 1),
(910, 19, '2023-06-11', 1),
(911, 20, '2023-06-11', 1),
(912, 21, '2023-06-11', 1),
(913, 22, '2023-06-11', 1),
(914, 23, '2023-06-11', 0),
(915, 24, '2023-06-11', 1),
(916, 25, '2023-06-11', 0),
(917, 26, '2023-06-11', 1),
(918, 27, '2023-06-11', 0),
(919, 1, '2023-06-01', 1),
(920, 2, '2023-06-01', 1),
(921, 3, '2023-06-01', 1),
(922, 4, '2023-06-01', 1),
(923, 5, '2023-06-01', 1),
(924, 6, '2023-06-01', 1),
(925, 7, '2023-06-01', 1),
(926, 8, '2023-06-01', 1),
(927, 9, '2023-06-01', 1),
(928, 10, '2023-06-01', 1),
(929, 11, '2023-06-01', 1),
(930, 12, '2023-06-01', 1),
(931, 13, '2023-06-01', 1),
(932, 14, '2023-06-01', 1),
(933, 15, '2023-06-01', 1),
(934, 16, '2023-06-01', 1),
(935, 17, '2023-06-01', 1),
(936, 18, '2023-06-01', 1),
(937, 19, '2023-06-01', 1),
(938, 20, '2023-06-01', 1),
(939, 21, '2023-06-01', 1),
(940, 22, '2023-06-01', 1),
(941, 23, '2023-06-01', 1),
(942, 24, '2023-06-01', 0),
(943, 25, '2023-06-01', 1),
(944, 26, '2023-06-01', 1),
(945, 27, '2023-06-01', 0),
(946, 1, '2023-06-03', 1),
(947, 2, '2023-06-03', 1),
(948, 3, '2023-06-03', 1),
(949, 4, '2023-06-03', 1),
(950, 5, '2023-06-03', 1),
(951, 6, '2023-06-03', 1),
(952, 7, '2023-06-03', 1),
(953, 8, '2023-06-03', 1),
(954, 9, '2023-06-03', 0),
(955, 10, '2023-06-03', 1),
(956, 11, '2023-06-03', 1),
(957, 12, '2023-06-03', 1),
(958, 13, '2023-06-03', 1),
(959, 14, '2023-06-03', 1),
(960, 15, '2023-06-03', 1),
(961, 16, '2023-06-03', 1),
(962, 17, '2023-06-03', 0),
(963, 18, '2023-06-03', 1),
(964, 19, '2023-06-03', 1),
(965, 20, '2023-06-03', 1),
(966, 21, '2023-06-03', 1),
(967, 22, '2023-06-03', 1),
(968, 23, '2023-06-03', 1),
(969, 24, '2023-06-03', 1),
(970, 25, '2023-06-03', 1),
(971, 26, '2023-06-03', 1),
(972, 27, '2023-06-03', 1),
(973, 1, '2023-06-04', 1),
(974, 2, '2023-06-04', 1),
(975, 3, '2023-06-04', 1),
(976, 4, '2023-06-04', 1),
(977, 5, '2023-06-04', 1),
(978, 6, '2023-06-04', 0),
(979, 7, '2023-06-04', 1),
(980, 8, '2023-06-04', 1),
(981, 9, '2023-06-04', 1),
(982, 10, '2023-06-04', 1),
(983, 11, '2023-06-04', 1),
(984, 12, '2023-06-04', 1),
(985, 13, '2023-06-04', 1),
(986, 14, '2023-06-04', 1),
(987, 15, '2023-06-04', 0),
(988, 16, '2023-06-04', 1),
(989, 17, '2023-06-04', 1),
(990, 18, '2023-06-04', 1),
(991, 19, '2023-06-04', 1),
(992, 20, '2023-06-04', 1),
(993, 21, '2023-06-04', 1),
(994, 22, '2023-06-04', 1),
(995, 23, '2023-06-04', 1),
(996, 24, '2023-06-04', 0),
(997, 25, '2023-06-04', 1),
(998, 26, '2023-06-04', 1),
(999, 27, '2023-06-04', 1),
(1000, 1, '2023-06-05', 1),
(1001, 2, '2023-06-05', 1),
(1002, 3, '2023-06-05', 1),
(1003, 4, '2023-06-05', 1),
(1004, 5, '2023-06-05', 1),
(1005, 6, '2023-06-05', 1),
(1006, 7, '2023-06-05', 1),
(1007, 8, '2023-06-05', 1),
(1008, 9, '2023-06-05', 1),
(1009, 10, '2023-06-05', 0),
(1010, 11, '2023-06-05', 1),
(1011, 12, '2023-06-05', 1),
(1012, 13, '2023-06-05', 1),
(1013, 14, '2023-06-05', 1),
(1014, 15, '2023-06-05', 1),
(1015, 16, '2023-06-05', 1),
(1016, 17, '2023-06-05', 1),
(1017, 18, '2023-06-05', 1),
(1018, 19, '2023-06-05', 0),
(1019, 20, '2023-06-05', 1),
(1020, 21, '2023-06-05', 1),
(1021, 22, '2023-06-05', 1),
(1022, 23, '2023-06-05', 1),
(1023, 24, '2023-06-05', 1),
(1024, 25, '2023-06-05', 1),
(1025, 26, '2023-06-05', 1),
(1026, 27, '2023-06-05', 1),
(1027, 1, '2023-06-06', 1),
(1028, 2, '2023-06-06', 0),
(1029, 3, '2023-06-06', 1),
(1030, 4, '2023-06-06', 1),
(1031, 5, '2023-06-06', 0),
(1032, 6, '2023-06-06', 1),
(1033, 7, '2023-06-06', 1),
(1034, 8, '2023-06-06', 1),
(1035, 9, '2023-06-06', 1),
(1036, 10, '2023-06-06', 1),
(1037, 11, '2023-06-06', 1),
(1038, 12, '2023-06-06', 1),
(1039, 13, '2023-06-06', 1),
(1040, 14, '2023-06-06', 1),
(1041, 15, '2023-06-06', 1),
(1042, 16, '2023-06-06', 1),
(1043, 17, '2023-06-06', 1),
(1044, 18, '2023-06-06', 1),
(1045, 19, '2023-06-06', 1),
(1046, 20, '2023-06-06', 1),
(1047, 21, '2023-06-06', 1),
(1048, 22, '2023-06-06', 1),
(1049, 23, '2023-06-06', 1),
(1050, 24, '2023-06-06', 1),
(1051, 25, '2023-06-06', 1),
(1052, 26, '2023-06-06', 1),
(1053, 27, '2023-06-06', 1),
(1054, 1, '2023-06-07', 1),
(1055, 2, '2023-06-07', 1),
(1056, 3, '2023-06-07', 1),
(1057, 4, '2023-06-07', 1),
(1058, 5, '2023-06-07', 1),
(1059, 6, '2023-06-07', 1),
(1060, 7, '2023-06-07', 1),
(1061, 8, '2023-06-07', 1),
(1062, 9, '2023-06-07', 1),
(1063, 10, '2023-06-07', 1),
(1064, 11, '2023-06-07', 1),
(1065, 12, '2023-06-07', 1),
(1066, 13, '2023-06-07', 1),
(1067, 14, '2023-06-07', 1),
(1068, 15, '2023-06-07', 1),
(1069, 16, '2023-06-07', 1),
(1070, 17, '2023-06-07', 1),
(1071, 18, '2023-06-07', 1),
(1072, 19, '2023-06-07', 1),
(1073, 20, '2023-06-07', 1),
(1074, 21, '2023-06-07', 1),
(1075, 22, '2023-06-07', 1),
(1076, 23, '2023-06-07', 1),
(1077, 24, '2023-06-07', 1),
(1078, 25, '2023-06-07', 1),
(1079, 26, '2023-06-07', 1),
(1080, 27, '2023-06-07', 1),
(1081, 1, '2023-06-08', 1),
(1082, 2, '2023-06-08', 1),
(1083, 3, '2023-06-08', 1),
(1084, 4, '2023-06-08', 1),
(1085, 5, '2023-06-08', 1),
(1086, 6, '2023-06-08', 1),
(1087, 7, '2023-06-08', 1),
(1088, 8, '2023-06-08', 1),
(1089, 9, '2023-06-08', 1),
(1090, 10, '2023-06-08', 1),
(1091, 11, '2023-06-08', 1),
(1092, 12, '2023-06-08', 1),
(1093, 13, '2023-06-08', 1),
(1094, 14, '2023-06-08', 1),
(1095, 15, '2023-06-08', 1),
(1096, 16, '2023-06-08', 1),
(1097, 17, '2023-06-08', 1),
(1098, 18, '2023-06-08', 1),
(1099, 19, '2023-06-08', 1),
(1100, 20, '2023-06-08', 1),
(1101, 21, '2023-06-08', 1),
(1102, 22, '2023-06-08', 1),
(1103, 23, '2023-06-08', 1),
(1104, 24, '2023-06-08', 1),
(1105, 25, '2023-06-08', 0),
(1106, 26, '2023-06-08', 0),
(1107, 27, '2023-06-08', 1),
(1108, 1, '2023-06-10', 1),
(1109, 2, '2023-06-10', 1),
(1110, 3, '2023-06-10', 1),
(1111, 4, '2023-06-10', 1),
(1112, 5, '2023-06-10', 1),
(1113, 6, '2023-06-10', 1),
(1114, 7, '2023-06-10', 1),
(1115, 8, '2023-06-10', 1),
(1116, 9, '2023-06-10', 1),
(1117, 10, '2023-06-10', 1),
(1118, 11, '2023-06-10', 1),
(1119, 12, '2023-06-10', 1),
(1120, 13, '2023-06-10', 1),
(1121, 14, '2023-06-10', 0),
(1122, 15, '2023-06-10', 1),
(1123, 16, '2023-06-10', 1),
(1124, 17, '2023-06-10', 1),
(1125, 18, '2023-06-10', 1),
(1126, 19, '2023-06-10', 1),
(1127, 20, '2023-06-10', 1),
(1128, 21, '2023-06-10', 1),
(1129, 22, '2023-06-10', 0),
(1130, 23, '2023-06-10', 1),
(1131, 24, '2023-06-10', 1),
(1132, 25, '2023-06-10', 1),
(1133, 26, '2023-06-10', 1),
(1134, 27, '2023-06-10', 1),
(1135, 1, '2023-06-13', 1),
(1136, 2, '2023-06-13', 1),
(1137, 3, '2023-06-13', 1),
(1138, 4, '2023-06-13', 1),
(1139, 5, '2023-06-13', 1),
(1140, 6, '2023-06-13', 0),
(1141, 7, '2023-06-13', 0),
(1142, 8, '2023-06-13', 1),
(1143, 9, '2023-06-13', 1),
(1144, 10, '2023-06-13', 1),
(1145, 11, '2023-06-13', 1),
(1146, 12, '2023-06-13', 1),
(1147, 13, '2023-06-13', 1),
(1148, 14, '2023-06-13', 1),
(1149, 15, '2023-06-13', 1),
(1150, 16, '2023-06-13', 1),
(1151, 17, '2023-06-13', 1),
(1152, 18, '2023-06-13', 1),
(1153, 19, '2023-06-13', 1),
(1154, 20, '2023-06-13', 1),
(1155, 21, '2023-06-13', 1),
(1156, 22, '2023-06-13', 1),
(1157, 23, '2023-06-13', 1),
(1158, 24, '2023-06-13', 1),
(1159, 25, '2023-06-13', 1),
(1160, 26, '2023-06-13', 1),
(1161, 27, '2023-06-13', 1),
(1162, 1, '2023-06-14', 0),
(1163, 2, '2023-06-14', 1),
(1164, 3, '2023-06-14', 1),
(1165, 4, '2023-06-14', 0),
(1166, 5, '2023-06-14', 1),
(1167, 6, '2023-06-14', 1),
(1168, 7, '2023-06-14', 1),
(1169, 8, '2023-06-14', 1),
(1170, 9, '2023-06-14', 1),
(1171, 10, '2023-06-14', 1),
(1172, 11, '2023-06-14', 1),
(1173, 12, '2023-06-14', 1),
(1174, 13, '2023-06-14', 1),
(1175, 14, '2023-06-14', 1),
(1176, 15, '2023-06-14', 1),
(1177, 16, '2023-06-14', 1),
(1178, 17, '2023-06-14', 1),
(1179, 18, '2023-06-14', 1),
(1180, 19, '2023-06-14', 1),
(1181, 20, '2023-06-14', 1),
(1182, 21, '2023-06-14', 1),
(1183, 22, '2023-06-14', 1),
(1184, 23, '2023-06-14', 1),
(1185, 24, '2023-06-14', 1),
(1186, 25, '2023-06-14', 1),
(1187, 26, '2023-06-14', 1),
(1188, 27, '2023-06-14', 1),
(1189, 1, '2023-06-15', 1),
(1190, 2, '2023-06-15', 1),
(1191, 3, '2023-06-15', 1),
(1192, 4, '2023-06-15', 1),
(1193, 5, '2023-06-15', 1),
(1194, 6, '2023-06-15', 0),
(1195, 7, '2023-06-15', 1),
(1196, 8, '2023-06-15', 1),
(1197, 9, '2023-06-15', 1),
(1198, 10, '2023-06-15', 1),
(1199, 11, '2023-06-15', 0),
(1200, 12, '2023-06-15', 1),
(1201, 13, '2023-06-15', 1),
(1202, 14, '2023-06-15', 1),
(1203, 15, '2023-06-15', 1),
(1204, 16, '2023-06-15', 1),
(1205, 17, '2023-06-15', 1),
(1206, 18, '2023-06-15', 1),
(1207, 19, '2023-06-15', 1),
(1208, 20, '2023-06-15', 1),
(1209, 21, '2023-06-15', 1),
(1210, 22, '2023-06-15', 1),
(1211, 23, '2023-06-15', 1),
(1212, 24, '2023-06-15', 1),
(1213, 25, '2023-06-15', 1),
(1214, 26, '2023-06-15', 1),
(1215, 27, '2023-06-15', 1),
(1216, 1, '2023-06-17', 1),
(1217, 2, '2023-06-17', 1),
(1218, 3, '2023-06-17', 1),
(1219, 4, '2023-06-17', 1),
(1220, 5, '2023-06-17', 1),
(1221, 6, '2023-06-17', 1),
(1222, 7, '2023-06-17', 1),
(1223, 8, '2023-06-17', 1),
(1224, 9, '2023-06-17', 1),
(1225, 10, '2023-06-17', 1),
(1226, 11, '2023-06-17', 1),
(1227, 12, '2023-06-17', 1),
(1228, 13, '2023-06-17', 1),
(1229, 14, '2023-06-17', 1),
(1230, 15, '2023-06-17', 1),
(1231, 16, '2023-06-17', 1),
(1232, 17, '2023-06-17', 1),
(1233, 18, '2023-06-17', 1),
(1234, 19, '2023-06-17', 1),
(1235, 20, '2023-06-17', 1),
(1236, 21, '2023-06-17', 1),
(1237, 22, '2023-06-17', 1),
(1238, 23, '2023-06-17', 1),
(1239, 24, '2023-06-17', 1),
(1240, 25, '2023-06-17', 1),
(1241, 26, '2023-06-17', 1),
(1242, 27, '2023-06-17', 1),
(1243, 1, '2023-06-18', 1),
(1244, 2, '2023-06-18', 1),
(1245, 3, '2023-06-18', 1),
(1246, 4, '2023-06-18', 1),
(1247, 5, '2023-06-18', 1),
(1248, 6, '2023-06-18', 1),
(1249, 7, '2023-06-18', 1),
(1250, 8, '2023-06-18', 1),
(1251, 9, '2023-06-18', 1),
(1252, 10, '2023-06-18', 1),
(1253, 11, '2023-06-18', 1),
(1254, 12, '2023-06-18', 1),
(1255, 13, '2023-06-18', 1),
(1256, 14, '2023-06-18', 1),
(1257, 15, '2023-06-18', 1),
(1258, 16, '2023-06-18', 0),
(1259, 17, '2023-06-18', 1),
(1260, 18, '2023-06-18', 0),
(1261, 19, '2023-06-18', 1),
(1262, 20, '2023-06-18', 1),
(1263, 21, '2023-06-18', 1),
(1264, 22, '2023-06-18', 1),
(1265, 23, '2023-06-18', 0),
(1266, 24, '2023-06-18', 1),
(1267, 25, '2023-06-18', 1),
(1268, 26, '2023-06-18', 1),
(1269, 27, '2023-06-18', 1),
(1270, 1, '2023-06-19', 1),
(1271, 2, '2023-06-19', 1),
(1272, 3, '2023-06-19', 0),
(1273, 4, '2023-06-19', 1),
(1274, 5, '2023-06-19', 1),
(1275, 6, '2023-06-19', 1),
(1276, 7, '2023-06-19', 1),
(1277, 8, '2023-06-19', 0),
(1278, 9, '2023-06-19', 1),
(1279, 10, '2023-06-19', 1),
(1280, 11, '2023-06-19', 1),
(1281, 12, '2023-06-19', 1),
(1282, 13, '2023-06-19', 0),
(1283, 14, '2023-06-19', 1),
(1284, 15, '2023-06-19', 1),
(1285, 16, '2023-06-19', 1),
(1286, 17, '2023-06-19', 1),
(1287, 18, '2023-06-19', 1),
(1288, 19, '2023-06-19', 1),
(1289, 20, '2023-06-19', 1),
(1290, 21, '2023-06-19', 1),
(1291, 22, '2023-06-19', 1),
(1292, 23, '2023-06-19', 1),
(1293, 24, '2023-06-19', 1),
(1294, 25, '2023-06-19', 1),
(1295, 26, '2023-06-19', 1),
(1296, 27, '2023-06-19', 1),
(1297, 1, '2023-06-20', 1),
(1298, 2, '2023-06-20', 1),
(1299, 3, '2023-06-20', 1),
(1300, 4, '2023-06-20', 1),
(1301, 5, '2023-06-20', 1),
(1302, 6, '2023-06-20', 1),
(1303, 7, '2023-06-20', 1),
(1304, 8, '2023-06-20', 1),
(1305, 9, '2023-06-20', 0),
(1306, 10, '2023-06-20', 1),
(1307, 11, '2023-06-20', 1),
(1308, 12, '2023-06-20', 0),
(1309, 13, '2023-06-20', 1),
(1310, 14, '2023-06-20', 1),
(1311, 15, '2023-06-20', 1),
(1312, 16, '2023-06-20', 1),
(1313, 17, '2023-06-20', 1),
(1314, 18, '2023-06-20', 1),
(1315, 19, '2023-06-20', 1),
(1316, 20, '2023-06-20', 1),
(1317, 21, '2023-06-20', 1),
(1318, 22, '2023-06-20', 1),
(1319, 23, '2023-06-20', 1),
(1320, 24, '2023-06-20', 1),
(1321, 25, '2023-06-20', 1),
(1322, 26, '2023-06-20', 1),
(1323, 27, '2023-06-20', 1),
(1324, 1, '2023-06-22', 1),
(1325, 2, '2023-06-22', 1),
(1326, 3, '2023-06-22', 1),
(1327, 4, '2023-06-22', 1),
(1328, 5, '2023-06-22', 1),
(1329, 6, '2023-06-22', 1),
(1330, 7, '2023-06-22', 1),
(1331, 8, '2023-06-22', 1),
(1332, 9, '2023-06-22', 1),
(1333, 10, '2023-06-22', 1),
(1334, 11, '2023-06-22', 1),
(1335, 12, '2023-06-22', 1),
(1336, 13, '2023-06-22', 1),
(1337, 14, '2023-06-22', 1),
(1338, 15, '2023-06-22', 1),
(1339, 16, '2023-06-22', 1),
(1340, 17, '2023-06-22', 1),
(1341, 18, '2023-06-22', 1),
(1342, 19, '2023-06-22', 1),
(1343, 20, '2023-06-22', 1),
(1344, 21, '2023-06-22', 0),
(1345, 22, '2023-06-22', 1),
(1346, 23, '2023-06-22', 1),
(1347, 24, '2023-06-22', 0),
(1348, 25, '2023-06-22', 1),
(1349, 26, '2023-06-22', 1),
(1350, 27, '2023-06-22', 1),
(1351, 1, '2023-06-21', 1),
(1352, 2, '2023-06-21', 1),
(1353, 3, '2023-06-21', 1),
(1354, 4, '2023-06-21', 1),
(1355, 5, '2023-06-21', 1),
(1356, 6, '2023-06-21', 1),
(1357, 7, '2023-06-21', 0),
(1358, 8, '2023-06-21', 1),
(1359, 9, '2023-06-21', 1),
(1360, 10, '2023-06-21', 0),
(1361, 11, '2023-06-21', 1),
(1362, 12, '2023-06-21', 1),
(1363, 13, '2023-06-21', 1),
(1364, 14, '2023-06-21', 1),
(1365, 15, '2023-06-21', 1),
(1366, 16, '2023-06-21', 1),
(1367, 17, '2023-06-21', 1),
(1368, 18, '2023-06-21', 1),
(1369, 19, '2023-06-21', 1),
(1370, 20, '2023-06-21', 1),
(1371, 21, '2023-06-21', 1),
(1372, 22, '2023-06-21', 1),
(1373, 23, '2023-06-21', 1),
(1374, 24, '2023-06-21', 1),
(1375, 25, '2023-06-21', 1),
(1376, 26, '2023-06-21', 1),
(1377, 27, '2023-06-21', 1),
(1378, 1, '2023-06-24', 1),
(1379, 2, '2023-06-24', 1),
(1380, 3, '2023-06-24', 1),
(1381, 4, '2023-06-24', 1),
(1382, 5, '2023-06-24', 1),
(1383, 6, '2023-06-24', 1),
(1384, 7, '2023-06-24', 1),
(1385, 8, '2023-06-24', 1),
(1386, 9, '2023-06-24', 1),
(1387, 10, '2023-06-24', 1),
(1388, 11, '2023-06-24', 1),
(1389, 12, '2023-06-24', 1),
(1390, 13, '2023-06-24', 1),
(1391, 14, '2023-06-24', 1),
(1392, 15, '2023-06-24', 1),
(1393, 16, '2023-06-24', 1),
(1394, 17, '2023-06-24', 1),
(1395, 18, '2023-06-24', 1),
(1396, 19, '2023-06-24', 1),
(1397, 20, '2023-06-24', 1),
(1398, 21, '2023-06-24', 1),
(1399, 22, '2023-06-24', 1),
(1400, 23, '2023-06-24', 1),
(1401, 24, '2023-06-24', 1),
(1402, 25, '2023-06-24', 1),
(1403, 26, '2023-06-24', 1),
(1404, 27, '2023-06-24', 1),
(1405, 1, '2023-06-25', 1),
(1406, 2, '2023-06-25', 0),
(1407, 3, '2023-06-25', 1),
(1408, 4, '2023-06-25', 1),
(1409, 5, '2023-06-25', 1),
(1410, 6, '2023-06-25', 1),
(1411, 7, '2023-06-25', 1),
(1412, 8, '2023-06-25', 1),
(1413, 9, '2023-06-25', 1),
(1414, 10, '2023-06-25', 1),
(1415, 11, '2023-06-25', 1),
(1416, 12, '2023-06-25', 0),
(1417, 13, '2023-06-25', 1),
(1418, 14, '2023-06-25', 1),
(1419, 15, '2023-06-25', 1),
(1420, 16, '2023-06-25', 1),
(1421, 17, '2023-06-25', 1),
(1422, 18, '2023-06-25', 1),
(1423, 19, '2023-06-25', 1),
(1424, 20, '2023-06-25', 1),
(1425, 21, '2023-06-25', 1),
(1426, 22, '2023-06-25', 1),
(1427, 23, '2023-06-25', 1),
(1428, 24, '2023-06-25', 1),
(1429, 25, '2023-06-25', 1),
(1430, 26, '2023-06-25', 1),
(1431, 27, '2023-06-25', 1),
(1432, 1, '2023-06-26', 0),
(1433, 2, '2023-06-26', 1),
(1434, 3, '2023-06-26', 1),
(1435, 4, '2023-06-26', 1),
(1436, 5, '2023-06-26', 1),
(1437, 6, '2023-06-26', 1),
(1438, 7, '2023-06-26', 1),
(1439, 8, '2023-06-26', 1),
(1440, 9, '2023-06-26', 1),
(1441, 10, '2023-06-26', 1),
(1442, 11, '2023-06-26', 1),
(1443, 12, '2023-06-26', 1),
(1444, 13, '2023-06-26', 1),
(1445, 14, '2023-06-26', 1),
(1446, 15, '2023-06-26', 1),
(1447, 16, '2023-06-26', 1),
(1448, 17, '2023-06-26', 1),
(1449, 18, '2023-06-26', 1),
(1450, 19, '2023-06-26', 1),
(1451, 20, '2023-06-26', 1),
(1452, 21, '2023-06-26', 1),
(1453, 22, '2023-06-26', 1),
(1454, 23, '2023-06-26', 1),
(1455, 24, '2023-06-26', 1),
(1456, 25, '2023-06-26', 1),
(1457, 26, '2023-06-26', 1),
(1458, 27, '2023-06-26', 1),
(1459, 1, '2023-06-27', 1),
(1460, 2, '2023-06-27', 1),
(1461, 3, '2023-06-27', 1),
(1462, 4, '2023-06-27', 1),
(1463, 5, '2023-06-27', 1),
(1464, 6, '2023-06-27', 1),
(1465, 7, '2023-06-27', 1),
(1466, 8, '2023-06-27', 1),
(1467, 9, '2023-06-27', 1),
(1468, 10, '2023-06-27', 1),
(1469, 11, '2023-06-27', 1),
(1470, 12, '2023-06-27', 1),
(1471, 13, '2023-06-27', 1),
(1472, 14, '2023-06-27', 1),
(1473, 15, '2023-06-27', 1),
(1474, 16, '2023-06-27', 1),
(1475, 17, '2023-06-27', 1),
(1476, 18, '2023-06-27', 1),
(1477, 19, '2023-06-27', 1),
(1478, 20, '2023-06-27', 1),
(1479, 21, '2023-06-27', 1),
(1480, 22, '2023-06-27', 1),
(1481, 23, '2023-06-27', 1),
(1482, 24, '2023-06-27', 1),
(1483, 25, '2023-06-27', 1),
(1484, 26, '2023-06-27', 1),
(1485, 27, '2023-06-27', 1),
(1486, 1, '2023-06-28', 1),
(1487, 2, '2023-06-28', 1),
(1488, 3, '2023-06-28', 1),
(1489, 4, '2023-06-28', 1),
(1490, 5, '2023-06-28', 1),
(1491, 6, '2023-06-28', 1),
(1492, 7, '2023-06-28', 1),
(1493, 8, '2023-06-28', 1),
(1494, 9, '2023-06-28', 1),
(1495, 10, '2023-06-28', 1),
(1496, 11, '2023-06-28', 1),
(1497, 12, '2023-06-28', 1),
(1498, 13, '2023-06-28', 1),
(1499, 14, '2023-06-28', 1),
(1500, 15, '2023-06-28', 1),
(1501, 16, '2023-06-28', 1),
(1502, 17, '2023-06-28', 1),
(1503, 18, '2023-06-28', 1),
(1504, 19, '2023-06-28', 1),
(1505, 20, '2023-06-28', 1),
(1506, 21, '2023-06-28', 1),
(1507, 22, '2023-06-28', 1),
(1508, 23, '2023-06-28', 1),
(1509, 24, '2023-06-28', 1),
(1510, 25, '2023-06-28', 1),
(1511, 26, '2023-06-28', 1),
(1512, 27, '2023-06-28', 1),
(1513, 1, '2023-06-29', 1),
(1514, 2, '2023-06-29', 1),
(1515, 3, '2023-06-29', 1),
(1516, 4, '2023-06-29', 1),
(1517, 5, '2023-06-29', 1),
(1518, 6, '2023-06-29', 1),
(1519, 7, '2023-06-29', 1),
(1520, 8, '2023-06-29', 1),
(1521, 9, '2023-06-29', 1),
(1522, 10, '2023-06-29', 1),
(1523, 11, '2023-06-29', 1),
(1524, 12, '2023-06-29', 1),
(1525, 13, '2023-06-29', 1),
(1526, 14, '2023-06-29', 1),
(1527, 15, '2023-06-29', 1),
(1528, 16, '2023-06-29', 1),
(1529, 17, '2023-06-29', 1),
(1530, 18, '2023-06-29', 1),
(1531, 19, '2023-06-29', 1),
(1532, 20, '2023-06-29', 1),
(1533, 21, '2023-06-29', 1),
(1534, 22, '2023-06-29', 1),
(1535, 23, '2023-06-29', 1),
(1536, 24, '2023-06-29', 1),
(1537, 25, '2023-06-29', 1),
(1538, 26, '2023-06-29', 1),
(1539, 27, '2023-06-29', 1);

-- --------------------------------------------------------

--
-- Table structure for table `tbl_department`
--

CREATE TABLE `tbl_department` (
  `id` int(11) NOT NULL,
  `department_name` varchar(255) NOT NULL,
  `date` date NOT NULL,
  `created_at` datetime NOT NULL,
  `created_by` varchar(255) NOT NULL,
  `updated_at` datetime NOT NULL,
  `updated_by` varchar(255) NOT NULL,
  `deleted_at` datetime NOT NULL
) ENGINE=InnoDB DEFAULT CHARSET=utf8mb4 COLLATE=utf8mb4_general_ci;

--
-- Dumping data for table `tbl_department`
--

INSERT INTO `tbl_department` (`id`, `department_name`, `date`, `created_at`, `created_by`, `updated_at`, `updated_by`, `deleted_at`) VALUES
(1, 'Database Administration', '0000-00-00', '0000-00-00 00:00:00', '', '0000-00-00 00:00:00', '', '0000-00-00 00:00:00'),
(2, 'Web Development', '0000-00-00', '0000-00-00 00:00:00', '', '0000-00-00 00:00:00', '', '0000-00-00 00:00:00'),
(3, 'Software Development', '0000-00-00', '0000-00-00 00:00:00', '', '0000-00-00 00:00:00', '', '0000-00-00 00:00:00'),
(4, 'UI/UX Design', '0000-00-00', '0000-00-00 00:00:00', '', '0000-00-00 00:00:00', '', '0000-00-00 00:00:00'),
(5, 'Web Design', '0000-00-00', '0000-00-00 00:00:00', '', '0000-00-00 00:00:00', '', '0000-00-00 00:00:00'),
(6, 'Quality Assurance', '0000-00-00', '0000-00-00 00:00:00', '', '0000-00-00 00:00:00', '', '0000-00-00 00:00:00'),
(7, 'Business Development', '0000-00-00', '0000-00-00 00:00:00', '', '0000-00-00 00:00:00', '', '0000-00-00 00:00:00'),
(8, 'IT Infrastructure', '0000-00-00', '0000-00-00 00:00:00', '', '0000-00-00 00:00:00', '', '0000-00-00 00:00:00'),
(9, 'Sales & Marketing', '0000-00-00', '0000-00-00 00:00:00', '', '0000-00-00 00:00:00', '', '0000-00-00 00:00:00'),
(10, 'HR & Compliance', '0000-00-00', '0000-00-00 00:00:00', '', '0000-00-00 00:00:00', '', '0000-00-00 00:00:00'),
(11, 'Project Management', '0000-00-00', '0000-00-00 00:00:00', '', '0000-00-00 00:00:00', '', '0000-00-00 00:00:00'),
(12, 'Accounting & Finance', '0000-00-00', '0000-00-00 00:00:00', '', '0000-00-00 00:00:00', '', '0000-00-00 00:00:00'),
(13, 'Administration', '0000-00-00', '0000-00-00 00:00:00', '', '0000-00-00 00:00:00', '', '0000-00-00 00:00:00');

-- --------------------------------------------------------

--
-- Table structure for table `tbl_designations`
--

CREATE TABLE `tbl_designations` (
  `id` int(11) NOT NULL,
  `designation` varchar(255) NOT NULL,
  `house_rent` double(8,2) DEFAULT NULL,
  `medical_allowance` decimal(10,2) DEFAULT NULL,
  `pf` decimal(10,2) DEFAULT NULL,
  `tax` decimal(10,2) DEFAULT NULL,
  `bonus` decimal(10,2) DEFAULT NULL,
  `created_at` datetime NOT NULL,
  `created_by` varchar(255) NOT NULL,
  `updated_at` datetime NOT NULL,
  `updated_by` varchar(255) NOT NULL,
  `deleted_at` datetime DEFAULT NULL
) ENGINE=InnoDB DEFAULT CHARSET=utf8mb4 COLLATE=utf8mb4_general_ci;

--
-- Dumping data for table `tbl_designations`
--

INSERT INTO `tbl_designations` (`id`, `designation`, `house_rent`, `medical_allowance`, `pf`, `tax`, `bonus`, `created_at`, `created_by`, `updated_at`, `updated_by`, `deleted_at`) VALUES
(1, 'Junior Software Engineer', 10.00, 5.00, 10.00, 15.00, 50.00, '0000-00-00 00:00:00', '', '0000-00-00 00:00:00', '', NULL),
(2, 'Junior Web Developer', 10.00, 5.00, 10.00, 15.00, 50.00, '0000-00-00 00:00:00', '', '0000-00-00 00:00:00', '', NULL),
(3, 'Junior UI/UX Designer', 10.00, 5.00, 10.00, 15.00, 50.00, '0000-00-00 00:00:00', '', '0000-00-00 00:00:00', '', NULL),
(4, 'Junior Database Administrator', 10.00, 5.00, 10.00, 15.00, 50.00, '0000-00-00 00:00:00', '', '0000-00-00 00:00:00', '', NULL),
(5, 'Software Engineer', 10.00, 5.00, 10.00, 15.00, 50.00, '0000-00-00 00:00:00', '', '0000-00-00 00:00:00', '', NULL),
(6, 'Web Developer', 10.00, 5.00, 10.00, 15.00, 50.00, '0000-00-00 00:00:00', '', '0000-00-00 00:00:00', '', NULL),
(7, 'UI/UX Designer', 10.00, 5.00, 10.00, 15.00, 50.00, '0000-00-00 00:00:00', '', '0000-00-00 00:00:00', '', NULL),
(8, 'Database Administrator', 10.00, 5.00, 10.00, 15.00, 50.00, '0000-00-00 00:00:00', '', '0000-00-00 00:00:00', '', NULL),
(9, 'Senior Software Engineer', 10.00, 5.00, 10.00, 15.00, 50.00, '0000-00-00 00:00:00', '', '0000-00-00 00:00:00', '', NULL),
(10, 'Senior Web Developer', 10.00, 5.00, 10.00, 15.00, 50.00, '0000-00-00 00:00:00', '', '0000-00-00 00:00:00', '', NULL),
(11, 'Senior UI/UX Designer', 10.00, 5.00, 10.00, 15.00, 50.00, '0000-00-00 00:00:00', '', '0000-00-00 00:00:00', '', NULL),
(12, 'Senior Database Administrator', 10.00, 5.00, 10.00, 15.00, 50.00, '0000-00-00 00:00:00', '', '0000-00-00 00:00:00', '', NULL),
(13, 'Officer', 10.00, 5.00, 10.00, 15.00, 50.00, '0000-00-00 00:00:00', '', '0000-00-00 00:00:00', '', NULL),
(14, 'Executive', 10.00, 5.00, 10.00, 15.00, 50.00, '0000-00-00 00:00:00', '', '0000-00-00 00:00:00', '', NULL),
(15, 'Senior Executive', 10.00, 5.00, 10.00, 15.00, 50.00, '0000-00-00 00:00:00', '', '0000-00-00 00:00:00', '', NULL),
(16, 'Administrative Assistant', 10.00, 5.00, 10.00, 15.00, 50.00, '0000-00-00 00:00:00', '', '0000-00-00 00:00:00', '', NULL),
(17, 'System Administrator', 10.00, 5.00, 10.00, 15.00, 50.00, '0000-00-00 00:00:00', '', '0000-00-00 00:00:00', '', NULL),
(18, 'Quality Assurance Tester', 10.00, 5.00, 10.00, 15.00, 50.00, '0000-00-00 00:00:00', '', '0000-00-00 00:00:00', '', NULL),
(19, 'Project Manager', 10.00, 5.00, 10.00, 15.00, 50.00, '0000-00-00 00:00:00', '', '0000-00-00 00:00:00', '', NULL),
(20, 'Team Leader', 10.00, 5.00, 10.00, 15.00, 50.00, '0000-00-00 00:00:00', '', '0000-00-00 00:00:00', '', NULL),
(21, 'Business Analyst', 10.00, 5.00, 10.00, 15.00, 50.00, '0000-00-00 00:00:00', '', '0000-00-00 00:00:00', '', NULL),
(22, 'Data Analyst', 10.00, 5.00, 10.00, 15.00, 50.00, '0000-00-00 00:00:00', '', '0000-00-00 00:00:00', '', NULL),
(23, 'Data Scientist', 10.00, 5.00, 10.00, 15.00, 50.00, '0000-00-00 00:00:00', '', '0000-00-00 00:00:00', '', NULL),
(24, 'Data Engineer', 10.00, 5.00, 10.00, 15.00, 50.00, '0000-00-00 00:00:00', '', '0000-00-00 00:00:00', '', NULL),
(25, 'Database Designer', 10.00, 5.00, 10.00, 15.00, 50.00, '0000-00-00 00:00:00', '', '0000-00-00 00:00:00', '', NULL),
(26, 'Assistant Manager', 10.00, 5.00, 10.00, 15.00, 50.00, '0000-00-00 00:00:00', '', '0000-00-00 00:00:00', '', NULL),
(27, 'Junior Web Designer', 10.00, 5.00, 10.00, 15.00, 50.00, '0000-00-00 00:00:00', '', '0000-00-00 00:00:00', '', NULL),
(28, 'Senior Web Designer', 10.00, 5.00, 10.00, 15.00, 50.00, '0000-00-00 00:00:00', '', '0000-00-00 00:00:00', '', NULL),
(29, 'Intern', 10.00, 5.00, 10.00, 15.00, 50.00, '0000-00-00 00:00:00', '', '0000-00-00 00:00:00', '', NULL),
(30, 'Senior Officer', 10.00, 5.00, 10.00, 15.00, 50.00, '0000-00-00 00:00:00', '', '0000-00-00 00:00:00', '', NULL),
(31, 'Senior Executive', 10.00, 5.00, 10.00, 15.00, 50.00, '0000-00-00 00:00:00', '', '0000-00-00 00:00:00', '', '2023-06-12 07:12:56');

-- --------------------------------------------------------

--
-- Table structure for table `tbl_employees`
--

CREATE TABLE `tbl_employees` (
  `id` int(50) NOT NULL,
  `first_name` varchar(255) NOT NULL,
  `last_name` varchar(255) NOT NULL,
  `email` varchar(255) NOT NULL,
  `phone` varchar(15) DEFAULT NULL,
  `employee_id` varchar(255) DEFAULT NULL,
  `department_id` int(11) DEFAULT NULL,
  `designation_id` int(11) DEFAULT NULL,
  `joining_date` date DEFAULT NULL,
  `yearly_leave` int(11) NOT NULL,
  `image` varchar(255) DEFAULT NULL,
  `basic_salary` decimal(10,2) NOT NULL,
  `created_at` datetime DEFAULT NULL,
  `created_by` varchar(255) DEFAULT NULL,
  `updated_at` datetime DEFAULT NULL,
  `updated_by` varchar(255) DEFAULT NULL,
  `deleted_at` datetime DEFAULT NULL
) ENGINE=InnoDB DEFAULT CHARSET=utf8mb4 COLLATE=utf8mb4_general_ci;

--
-- Dumping data for table `tbl_employees`
--

INSERT INTO `tbl_employees` (`id`, `first_name`, `last_name`, `email`, `phone`, `employee_id`, `department_id`, `designation_id`, `joining_date`, `yearly_leave`, `image`, `basic_salary`, `created_at`, `created_by`, `updated_at`, `updated_by`, `deleted_at`) VALUES
(1, 'Abdullah', 'Ali', 'ali_abdullah22@gmail.com', '01987654525', 'PM11010101', 11, 19, '2011-01-01', 22, NULL, 17000.00, NULL, NULL, NULL, NULL, NULL),
(2, 'Saiful', 'Islam', 'saiful_islam98@gmail.com', '01898542163', 'PM17010209', 11, 20, '2017-06-01', 22, NULL, 15000.00, NULL, NULL, NULL, NULL, NULL),
(3, 'Mosharraf', 'Khan', 'mosharraf_khan996@gmail.com', '01789653247', 'AF16120301', 12, 15, '2016-03-01', 22, NULL, 12000.00, NULL, NULL, NULL, NULL, NULL),
(4, 'Monirul', 'Islam', 'monirul_islam552@gmail.com', '01879451236', 'DA16130102', 13, 15, '2016-01-01', 22, NULL, 20000.00, NULL, NULL, NULL, NULL, NULL),
(5, 'Hasan', 'Ali', 'ali_hasan766@gmail.com', '01987654321', 'HC14100101', 10, 26, '2014-04-01', 22, NULL, 40000.00, NULL, NULL, NULL, NULL, NULL),
(6, 'Masud', 'Khan', 'masud_khan11@gmail.com', '01875659832', 'SM17090309', 9, 14, '2017-03-01', 22, NULL, 0.00, NULL, NULL, NULL, NULL, NULL),
(7, 'Anwar', 'Hossain', 'anwar_hossain51@gmail.com', '015589632584', 'II15080102', 8, 17, '2015-01-01', 22, NULL, 0.00, NULL, NULL, NULL, NULL, NULL),
(8, 'Imran', 'Khan', 'imran_khan111@gmail.com', '01721002773', 'BD13070101', 7, 21, '2013-01-01', 22, NULL, 0.00, NULL, NULL, NULL, NULL, NULL),
(9, 'Rezaul', 'Islam', 'rezaul_islam214@gmail.com', '01558796544', 'QA150601', 6, 18, '2015-06-01', 22, NULL, 0.00, NULL, NULL, NULL, NULL, NULL),
(10, 'Noman', 'Hossain', 'noman@yahoo.com', '01622875968', 'WD230219', 5, 27, '2023-06-01', 22, NULL, 0.00, NULL, NULL, NULL, NULL, NULL),
(11, 'Jasim', 'Uddin', 'jasimuddinm180@gmail.com', '015221875658', 'WD14020113', 2, 10, '2014-04-01', 22, NULL, 0.00, NULL, NULL, NULL, NULL, NULL),
(12, 'Rabiul', 'Hossein', 'rabiul@yahoo.com', '01785654987', 'SD18030209', 3, 5, '2018-05-01', 22, NULL, 0.00, NULL, NULL, NULL, NULL, NULL),
(13, 'Safayet', 'Ullah', 'safayet@yahoo.com', '01875321657', 'WD22020315', 2, 2, '2022-06-01', 22, NULL, 0.00, NULL, NULL, NULL, NULL, NULL),
(14, 'Ibrahim', 'Khalil', 'ikshakil@yahoo.com', '01963852741', 'UD19040102', 4, 11, '2019-02-01', 22, NULL, 0.00, NULL, NULL, NULL, NULL, NULL),
(15, 'Raihan', 'Sazzad', 'raihan88@yahoo.com', '01554789631', 'DA19010205', 1, 8, '2019-05-01', 22, NULL, 0.00, NULL, NULL, NULL, NULL, NULL),
(16, 'Thouhidul', 'Islam', 'thouhid77@yahoo.com', '01752865324', 'II18080207', 8, 17, '2018-05-01', 22, NULL, 0.00, NULL, NULL, NULL, NULL, NULL),
(17, 'Sharmin ', 'Akter', 'sharmin_akter21@gmail.com', '01587658214', 'DA21010217', 1, 25, '2021-06-01', 22, NULL, 0.00, NULL, NULL, NULL, NULL, NULL),
(18, 'Maksuda', 'Akter', 'maksuda93@yahoo.com', '01622147862', 'DA22010517', 1, 23, '2022-08-01', 22, NULL, 0.00, NULL, NULL, NULL, NULL, NULL),
(19, 'Mahmuda', 'Akter', 'mahmuda97@gmail.com', '01789654123', 'DA22010618', 1, 24, '2022-05-01', 22, NULL, 0.00, NULL, NULL, NULL, NULL, NULL),
(20, 'Fahmida', 'Akter', 'fahmida883@gmail.com', '01883214756', 'DA22010419', 1, 22, '2022-08-01', 22, NULL, 0.00, NULL, NULL, NULL, NULL, NULL),
(21, 'Mojahidul', 'Islam', 'mojahidul65@yahoo.com', '01954128754', 'SD23030308', 3, 1, '2023-03-01', 22, NULL, 0.00, NULL, NULL, NULL, NULL, NULL),
(22, 'Ahtesanul Hoque', 'Kaiser', 'kaiser43@yahoo.com', '01552478963', 'UD20040205', 4, 7, '2020-01-01', 22, NULL, 0.00, NULL, NULL, NULL, NULL, NULL),
(23, 'Towhidul', 'Islam', 'towhid_99@yahoo.com', '01721547853', 'SD18030206', 3, 9, '2018-09-01', 22, NULL, 0.00, NULL, NULL, NULL, NULL, NULL),
(24, 'Shariful ', 'Islam', 'shariful0606@yahoo.com', '01687541235', 'WD15020106', 2, 10, '2015-03-01', 22, NULL, 0.00, NULL, NULL, NULL, NULL, NULL),
(25, 'Tamim', 'Iqbal', 'tamim222@yahoo.com', '01557812439', 'DA17010103', 1, 12, '2017-06-01', 22, NULL, 0.00, NULL, NULL, NULL, NULL, NULL),
(26, 'Mushfiqur ', 'Rahim', 'mushfiq66@yahoo.com', '01654987321', 'DA20010211', 1, 8, '2020-03-01', 22, NULL, 0.00, NULL, NULL, NULL, NULL, NULL),
(27, 'Abul', 'Hasan', 'abul_hasan@yahoo.com', '01752941661', 'WD22020316', 2, 2, '2022-09-01', 22, NULL, 0.00, NULL, NULL, NULL, NULL, NULL);

-- --------------------------------------------------------

--
-- Table structure for table `tbl_holidays`
--

CREATE TABLE `tbl_holidays` (
  `id` int(11) NOT NULL,
  `holiday_name` varchar(255) DEFAULT NULL,
  `holiday_date` date DEFAULT NULL,
  `created_at` datetime NOT NULL,
  `created_by` varchar(255) NOT NULL,
  `updated_at` datetime DEFAULT NULL,
  `updated_by` varchar(255) NOT NULL,
  `deleted_at` datetime DEFAULT NULL
) ENGINE=InnoDB DEFAULT CHARSET=utf8mb4 COLLATE=utf8mb4_general_ci;

--
-- Dumping data for table `tbl_holidays`
--

INSERT INTO `tbl_holidays` (`id`, `holiday_name`, `holiday_date`, `created_at`, `created_by`, `updated_at`, `updated_by`, `deleted_at`) VALUES
(1, 'dfdddhjhj', '2023-06-28', '0000-00-00 00:00:00', '', NULL, '', NULL),
(2, 'ffgfgfg', '2023-06-30', '0000-00-00 00:00:00', '', NULL, '', '2023-06-01 17:21:07'),
(3, 'fdfddfhh', '2023-06-11', '0000-00-00 00:00:00', '', NULL, '', NULL);

-- --------------------------------------------------------

--
-- Table structure for table `tbl_leaves`
--

CREATE TABLE `tbl_leaves` (
  `id` int(50) NOT NULL,
  `employee_id` int(11) DEFAULT NULL,
  `starting_at` date DEFAULT NULL,
  `ending_on` date DEFAULT NULL,
  `days` int(15) DEFAULT NULL,
  `reason` text DEFAULT NULL,
  `created_at` datetime DEFAULT NULL,
  `created_by` varchar(255) DEFAULT NULL,
  `updated_at` datetime DEFAULT NULL,
  `updated_by` varchar(255) DEFAULT NULL,
  `deleted_at` datetime DEFAULT NULL
) ENGINE=InnoDB DEFAULT CHARSET=utf8mb4 COLLATE=utf8mb4_general_ci;

--
-- Dumping data for table `tbl_leaves`
--

INSERT INTO `tbl_leaves` (`id`, `employee_id`, `starting_at`, `ending_on`, `days`, `reason`, `created_at`, `created_by`, `updated_at`, `updated_by`, `deleted_at`) VALUES
(1, 25, '2023-06-04', '2023-06-07', 4, 'Personal problem.', NULL, NULL, NULL, NULL, NULL),
(2, 12, '2023-06-03', '2023-06-06', 4, 'Family emergency.', NULL, NULL, NULL, NULL, NULL);

-- --------------------------------------------------------

--
-- Table structure for table `tbl_overtime`
--

CREATE TABLE `tbl_overtime` (
  `id` int(50) NOT NULL,
  `employee` varchar(255) DEFAULT NULL,
  `overtime_date` date DEFAULT NULL,
  `hours` int(15) DEFAULT NULL,
  `type` varchar(255) DEFAULT NULL,
  `description` text DEFAULT NULL,
  `created_at` datetime DEFAULT NULL,
  `created_by` varchar(255) DEFAULT NULL,
  `updated_at` datetime DEFAULT NULL,
  `updated_by` varchar(255) DEFAULT NULL,
  `deleted_at` datetime DEFAULT NULL
) ENGINE=InnoDB DEFAULT CHARSET=utf8mb4 COLLATE=utf8mb4_general_ci;

--
-- Dumping data for table `tbl_overtime`
--

INSERT INTO `tbl_overtime` (`id`, `employee`, `overtime_date`, `hours`, `type`, `description`, `created_at`, `created_by`, `updated_at`, `updated_by`, `deleted_at`) VALUES
(1, '22', '2023-06-07', 2, 'Normal ex.2', 'Worked on a new design on emergency basis.', NULL, NULL, NULL, NULL, NULL),
(2, '10', '2023-06-07', 3, 'Normal ex.3', 'Worked on a new project focusing on fast delivery to client.', NULL, NULL, NULL, NULL, NULL);

-- --------------------------------------------------------

--
-- Table structure for table `tbl_payroll_additions`
--

CREATE TABLE `tbl_payroll_additions` (
  `id` int(11) NOT NULL,
  `name` varchar(255) DEFAULT NULL,
  `category` varchar(255) DEFAULT NULL,
  `unit_amount` varchar(10) DEFAULT NULL,
  `created_at` datetime DEFAULT NULL,
  `created_by` varchar(255) DEFAULT NULL,
  `updated_at` datetime DEFAULT NULL,
  `updated_by` varchar(255) DEFAULT NULL,
  `deleted_at` datetime DEFAULT NULL
) ENGINE=InnoDB DEFAULT CHARSET=utf8mb4 COLLATE=utf8mb4_general_ci;

--
-- Dumping data for table `tbl_payroll_additions`
--

INSERT INTO `tbl_payroll_additions` (`id`, `name`, `category`, `unit_amount`, `created_at`, `created_by`, `updated_at`, `updated_by`, `deleted_at`) VALUES
(1, 'Leave balance amount', 'Monthly remuneration', '$5', NULL, NULL, NULL, NULL, NULL),
(2, 'Arrears of salary', 'Additional remuneration', '$8', NULL, NULL, NULL, NULL, NULL),
(3, 'Gratuity', 'Monthly remuneration', '$20', NULL, NULL, NULL, NULL, '2023-06-12 08:58:19');

-- --------------------------------------------------------

--
-- Table structure for table `tbl_payroll_deductions`
--

CREATE TABLE `tbl_payroll_deductions` (
  `id` int(11) NOT NULL,
  `name` varchar(255) DEFAULT NULL,
  `unit_amount` double(8,2) DEFAULT NULL,
  `created_at` datetime DEFAULT NULL,
  `created_by` varchar(255) DEFAULT NULL,
  `updated_at` datetime DEFAULT NULL,
  `updated_by` varchar(255) DEFAULT NULL,
  `deleted_at` datetime DEFAULT NULL
) ENGINE=InnoDB DEFAULT CHARSET=utf8mb4 COLLATE=utf8mb4_general_ci;

--
-- Dumping data for table `tbl_payroll_deductions`
--

INSERT INTO `tbl_payroll_deductions` (`id`, `name`, `unit_amount`, `created_at`, `created_by`, `updated_at`, `updated_by`, `deleted_at`) VALUES
(1, 'Absent amount', 12.00, NULL, NULL, NULL, NULL, '2023-06-12 08:59:51');

-- --------------------------------------------------------

--
-- Table structure for table `tbl_payroll_overtime`
--

CREATE TABLE `tbl_payroll_overtime` (
  `id` int(11) NOT NULL,
  `name` varchar(255) DEFAULT NULL,
  `rate` varchar(255) DEFAULT NULL,
  `created_at` datetime DEFAULT NULL,
  `created_by` varchar(255) DEFAULT NULL,
  `updated_at` datetime DEFAULT NULL,
  `updated_by` varchar(255) DEFAULT NULL,
  `deleted_at` datetime DEFAULT NULL
) ENGINE=InnoDB DEFAULT CHARSET=utf8mb4 COLLATE=utf8mb4_general_ci;

--
-- Dumping data for table `tbl_payroll_overtime`
--

INSERT INTO `tbl_payroll_overtime` (`id`, `name`, `rate`, `created_at`, `created_by`, `updated_at`, `updated_by`, `deleted_at`) VALUES
(1, 'Normal day OT', 'hourly 1.5', NULL, NULL, NULL, NULL, '2023-06-12 08:59:28');

-- --------------------------------------------------------

--
-- Table structure for table `tbl_promotion`
--

CREATE TABLE `tbl_promotion` (
  `id` int(50) NOT NULL,
  `promoted_employee` varchar(255) DEFAULT NULL,
  `department` varchar(255) DEFAULT NULL,
  `promoted_designation_from` varchar(255) DEFAULT NULL,
  `promoted_designation_to` varchar(255) DEFAULT NULL,
  `promotion_date` date DEFAULT NULL,
  `created_at` datetime DEFAULT NULL,
  `created_by` varchar(255) DEFAULT NULL,
  `updated_at` datetime DEFAULT NULL,
  `updated_by` varchar(255) DEFAULT NULL,
  `deleted_at` datetime DEFAULT NULL
) ENGINE=InnoDB DEFAULT CHARSET=utf8mb4 COLLATE=utf8mb4_general_ci;

--
-- Dumping data for table `tbl_promotion`
--

INSERT INTO `tbl_promotion` (`id`, `promoted_employee`, `department`, `promoted_designation_from`, `promoted_designation_to`, `promotion_date`, `created_at`, `created_by`, `updated_at`, `updated_by`, `deleted_at`) VALUES
(1, 'Ibrahim Khalil', NULL, 'Junior Designer', 'Senior Creative Designer', '2023-06-15', NULL, NULL, NULL, NULL, NULL),
(2, 'Jasim Uddin', NULL, 'Jr. Web Designer', 'Full Stack Web Developer', '2023-06-16', NULL, NULL, NULL, NULL, NULL),
(3, 'Noman Hossain', NULL, 'Jr. Wordpress Developer', 'Senior Wp Developer', '2023-06-30', NULL, NULL, NULL, NULL, '2023-06-02 19:32:03');

-- --------------------------------------------------------

--
-- Table structure for table `tbl_resignation`
--

CREATE TABLE `tbl_resignation` (
  `id` int(50) NOT NULL,
  `resigning_employee` varchar(255) DEFAULT NULL,
  `department` varchar(255) DEFAULT NULL,
  `reason` text DEFAULT NULL,
  `notice_date` date DEFAULT NULL,
  `resignation_date` date DEFAULT NULL,
  `created_at` datetime DEFAULT NULL,
  `created_by` varchar(255) DEFAULT NULL,
  `updated_at` datetime DEFAULT NULL,
  `updated_by` varchar(255) DEFAULT NULL,
  `deleted_at` datetime DEFAULT NULL
) ENGINE=InnoDB DEFAULT CHARSET=utf8mb4 COLLATE=utf8mb4_general_ci;

-- --------------------------------------------------------

--
-- Table structure for table `tbl_salary`
--

CREATE TABLE `tbl_salary` (
  `id` int(11) NOT NULL,
  `employee_id` int(11) DEFAULT NULL,
  `basic` double(10,2) DEFAULT NULL,
  `house_rent` double(10,2) DEFAULT NULL,
  `medical_allowance` double(10,2) DEFAULT NULL,
  `bonus` double(10,2) DEFAULT NULL,
  `provident_fund` double(10,2) DEFAULT NULL,
  `leave_deduction` double(10,2) DEFAULT NULL,
  `tax` double(10,2) DEFAULT NULL,
  `total` double(10,2) DEFAULT NULL,
  `s_year` year(4) DEFAULT NULL,
  `s_month` varchar(255) DEFAULT NULL,
  `created_at` timestamp NULL DEFAULT NULL,
  `created_by` varchar(255) DEFAULT NULL,
  `updated_at` timestamp NULL DEFAULT NULL,
  `updated_by` varchar(255) DEFAULT NULL,
  `deleted_at` timestamp NULL DEFAULT NULL
) ENGINE=InnoDB DEFAULT CHARSET=utf8mb4 COLLATE=utf8mb4_general_ci;

--
-- Dumping data for table `tbl_salary`
--

INSERT INTO `tbl_salary` (`id`, `employee_id`, `basic`, `house_rent`, `medical_allowance`, `bonus`, `provident_fund`, `leave_deduction`, `tax`, `total`, `s_year`, `s_month`, `created_at`, `created_by`, `updated_at`, `updated_by`, `deleted_at`) VALUES
(1, 1, 17000.00, 1700.00, 850.00, 8500.00, 1700.00, 0.00, 2550.00, 23800.00, '2023', '5', NULL, NULL, NULL, NULL, NULL),
(2, 2, 15000.00, 1500.00, 750.00, 7500.00, 1500.00, 1500.00, 2250.00, 21000.00, '2023', '5', NULL, NULL, NULL, NULL, NULL),
(3, 3, 12000.00, 1200.00, 600.00, 6000.00, 1200.00, 0.00, 1800.00, 16800.00, '2023', '5', NULL, NULL, NULL, NULL, NULL),
(4, 4, 20000.00, 2000.00, 1000.00, 10000.00, 2000.00, 1333.00, 3000.00, 28000.00, '2023', '5', NULL, NULL, NULL, NULL, NULL),
(5, 5, 40000.00, 4000.00, 2000.00, 20000.00, 4000.00, 4000.00, 6000.00, 56000.00, '2023', '5', NULL, NULL, NULL, NULL, NULL),
(6, 6, 0.00, 0.00, 0.00, 0.00, 0.00, 0.00, 0.00, 0.00, '2023', '5', NULL, NULL, NULL, NULL, NULL),
(7, 7, 0.00, 0.00, 0.00, 0.00, 0.00, 0.00, 0.00, 0.00, '2023', '5', NULL, NULL, NULL, NULL, NULL),
(8, 8, 0.00, 0.00, 0.00, 0.00, 0.00, 0.00, 0.00, 0.00, '2023', '5', NULL, NULL, NULL, NULL, NULL),
(9, 9, 0.00, 0.00, 0.00, 0.00, 0.00, 0.00, 0.00, 0.00, '2023', '5', NULL, NULL, NULL, NULL, NULL),
(10, 10, 0.00, 0.00, 0.00, 0.00, 0.00, 0.00, 0.00, 0.00, '2023', '5', NULL, NULL, NULL, NULL, NULL),
(11, 11, 0.00, 0.00, 0.00, 0.00, 0.00, 0.00, 0.00, 0.00, '2023', '5', NULL, NULL, NULL, NULL, NULL),
(12, 12, 0.00, 0.00, 0.00, 0.00, 0.00, 0.00, 0.00, 0.00, '2023', '5', NULL, NULL, NULL, NULL, NULL),
(13, 13, 0.00, 0.00, 0.00, 0.00, 0.00, 0.00, 0.00, 0.00, '2023', '5', NULL, NULL, NULL, NULL, NULL),
(14, 14, 0.00, 0.00, 0.00, 0.00, 0.00, 0.00, 0.00, 0.00, '2023', '5', NULL, NULL, NULL, NULL, NULL),
(15, 15, 0.00, 0.00, 0.00, 0.00, 0.00, 0.00, 0.00, 0.00, '2023', '5', NULL, NULL, NULL, NULL, NULL),
(16, 16, 0.00, 0.00, 0.00, 0.00, 0.00, 0.00, 0.00, 0.00, '2023', '5', NULL, NULL, NULL, NULL, NULL),
(17, 17, 0.00, 0.00, 0.00, 0.00, 0.00, 0.00, 0.00, 0.00, '2023', '5', NULL, NULL, NULL, NULL, NULL),
(18, 18, 0.00, 0.00, 0.00, 0.00, 0.00, 0.00, 0.00, 0.00, '2023', '5', NULL, NULL, NULL, NULL, NULL),
(19, 19, 0.00, 0.00, 0.00, 0.00, 0.00, 0.00, 0.00, 0.00, '2023', '5', NULL, NULL, NULL, NULL, NULL),
(20, 20, 0.00, 0.00, 0.00, 0.00, 0.00, 0.00, 0.00, 0.00, '2023', '5', NULL, NULL, NULL, NULL, NULL),
(21, 21, 0.00, 0.00, 0.00, 0.00, 0.00, 0.00, 0.00, 0.00, '2023', '5', NULL, NULL, NULL, NULL, NULL),
(22, 22, 0.00, 0.00, 0.00, 0.00, 0.00, 0.00, 0.00, 0.00, '2023', '5', NULL, NULL, NULL, NULL, NULL),
(23, 23, 0.00, 0.00, 0.00, 0.00, 0.00, 0.00, 0.00, 0.00, '2023', '5', NULL, NULL, NULL, NULL, NULL),
(24, 24, 0.00, 0.00, 0.00, 0.00, 0.00, 0.00, 0.00, 0.00, '2023', '5', NULL, NULL, NULL, NULL, NULL),
(25, 25, 0.00, 0.00, 0.00, 0.00, 0.00, 0.00, 0.00, 0.00, '2023', '5', NULL, NULL, NULL, NULL, NULL),
(26, 26, 0.00, 0.00, 0.00, 0.00, 0.00, 0.00, 0.00, 0.00, '2023', '5', NULL, NULL, NULL, NULL, NULL),
(27, 27, 0.00, 0.00, 0.00, 0.00, 0.00, 0.00, 0.00, 0.00, '2023', '5', NULL, NULL, NULL, NULL, NULL),
(28, 1, 17000.00, 1700.00, 850.00, 8500.00, 1700.00, 0.00, 2550.00, 23800.00, '2023', '6', NULL, NULL, NULL, NULL, NULL),
(29, 2, 15000.00, 1500.00, 750.00, 7500.00, 1500.00, 0.00, 2250.00, 21000.00, '2023', '6', NULL, NULL, NULL, NULL, NULL),
(30, 3, 12000.00, 1200.00, 600.00, 6000.00, 1200.00, 0.00, 1800.00, 16800.00, '2023', '6', NULL, NULL, NULL, NULL, NULL),
(31, 4, 20000.00, 2000.00, 1000.00, 10000.00, 2000.00, 0.00, 3000.00, 28000.00, '2023', '6', NULL, NULL, NULL, NULL, NULL),
(32, 5, 40000.00, 4000.00, 2000.00, 20000.00, 4000.00, 0.00, 6000.00, 56000.00, '2023', '6', NULL, NULL, NULL, NULL, NULL),
(33, 6, 0.00, 0.00, 0.00, 0.00, 0.00, 0.00, 0.00, 0.00, '2023', '6', NULL, NULL, NULL, NULL, NULL),
(34, 7, 0.00, 0.00, 0.00, 0.00, 0.00, 0.00, 0.00, 0.00, '2023', '6', NULL, NULL, NULL, NULL, NULL),
(35, 8, 0.00, 0.00, 0.00, 0.00, 0.00, 0.00, 0.00, 0.00, '2023', '6', NULL, NULL, NULL, NULL, NULL),
(36, 9, 0.00, 0.00, 0.00, 0.00, 0.00, 0.00, 0.00, 0.00, '2023', '6', NULL, NULL, NULL, NULL, NULL),
(37, 10, 0.00, 0.00, 0.00, 0.00, 0.00, 0.00, 0.00, 0.00, '2023', '6', NULL, NULL, NULL, NULL, NULL),
(38, 11, 0.00, 0.00, 0.00, 0.00, 0.00, 0.00, 0.00, 0.00, '2023', '6', NULL, NULL, NULL, NULL, NULL),
(39, 12, 0.00, 0.00, 0.00, 0.00, 0.00, 0.00, 0.00, 0.00, '2023', '6', NULL, NULL, NULL, NULL, NULL),
(40, 13, 0.00, 0.00, 0.00, 0.00, 0.00, 0.00, 0.00, 0.00, '2023', '6', NULL, NULL, NULL, NULL, NULL),
(41, 14, 0.00, 0.00, 0.00, 0.00, 0.00, 0.00, 0.00, 0.00, '2023', '6', NULL, NULL, NULL, NULL, NULL),
(42, 15, 0.00, 0.00, 0.00, 0.00, 0.00, 0.00, 0.00, 0.00, '2023', '6', NULL, NULL, NULL, NULL, NULL),
(43, 16, 0.00, 0.00, 0.00, 0.00, 0.00, 0.00, 0.00, 0.00, '2023', '6', NULL, NULL, NULL, NULL, NULL),
(44, 17, 0.00, 0.00, 0.00, 0.00, 0.00, 0.00, 0.00, 0.00, '2023', '6', NULL, NULL, NULL, NULL, NULL),
(45, 18, 0.00, 0.00, 0.00, 0.00, 0.00, 0.00, 0.00, 0.00, '2023', '6', NULL, NULL, NULL, NULL, NULL),
(46, 19, 0.00, 0.00, 0.00, 0.00, 0.00, 0.00, 0.00, 0.00, '2023', '6', NULL, NULL, NULL, NULL, NULL),
(47, 20, 0.00, 0.00, 0.00, 0.00, 0.00, 0.00, 0.00, 0.00, '2023', '6', NULL, NULL, NULL, NULL, NULL),
(48, 21, 0.00, 0.00, 0.00, 0.00, 0.00, 0.00, 0.00, 0.00, '2023', '6', NULL, NULL, NULL, NULL, NULL),
(49, 22, 0.00, 0.00, 0.00, 0.00, 0.00, 0.00, 0.00, 0.00, '2023', '6', NULL, NULL, NULL, NULL, NULL),
(50, 23, 0.00, 0.00, 0.00, 0.00, 0.00, 0.00, 0.00, 0.00, '2023', '6', NULL, NULL, NULL, NULL, NULL),
(51, 24, 0.00, 0.00, 0.00, 0.00, 0.00, 0.00, 0.00, 0.00, '2023', '6', NULL, NULL, NULL, NULL, NULL),
(52, 25, 0.00, 0.00, 0.00, 0.00, 0.00, 0.00, 0.00, 0.00, '2023', '6', NULL, NULL, NULL, NULL, NULL),
(53, 26, 0.00, 0.00, 0.00, 0.00, 0.00, 0.00, 0.00, 0.00, '2023', '6', NULL, NULL, NULL, NULL, NULL),
(54, 27, 0.00, 0.00, 0.00, 0.00, 0.00, 0.00, 0.00, 0.00, '2023', '6', NULL, NULL, NULL, NULL, NULL);

-- --------------------------------------------------------

--
-- Table structure for table `tbl_termination`
--

CREATE TABLE `tbl_termination` (
  `id` int(50) NOT NULL,
  `terminated_employee` varchar(255) DEFAULT NULL,
  `department` varchar(255) DEFAULT NULL,
  `termination_type` varchar(255) DEFAULT NULL,
  `termination_date` date DEFAULT NULL,
  `reason` varchar(255) DEFAULT NULL,
  `notice_date` date DEFAULT NULL,
  `created_at` datetime DEFAULT NULL,
  `created_by` varchar(255) DEFAULT NULL,
  `updated_at` datetime DEFAULT NULL,
  `updated_by` varchar(255) DEFAULT NULL,
  `deleted_at` datetime DEFAULT NULL
) ENGINE=InnoDB DEFAULT CHARSET=utf8mb4 COLLATE=utf8mb4_general_ci;

-- --------------------------------------------------------

--
-- Table structure for table `tbl_timesheet`
--

CREATE TABLE `tbl_timesheet` (
  `id` int(11) NOT NULL,
  `employee` varchar(255) DEFAULT NULL,
  `a_date` date DEFAULT NULL,
  `deadline` date DEFAULT NULL,
  `projects` varchar(255) DEFAULT NULL,
  `a_hours` int(11) DEFAULT NULL,
  `hours` int(11) DEFAULT NULL,
  `description` text DEFAULT NULL,
  `created_at` datetime DEFAULT NULL,
  `created_by` varchar(255) DEFAULT NULL,
  `updated_at` datetime DEFAULT NULL,
  `updated_by` varchar(255) DEFAULT NULL,
  `deleted_at` datetime DEFAULT NULL
) ENGINE=InnoDB DEFAULT CHARSET=utf8mb4 COLLATE=utf8mb4_general_ci;

-- --------------------------------------------------------

--
-- Table structure for table `tbl_users`
--

CREATE TABLE `tbl_users` (
  `id` int(11) NOT NULL,
  `name` varchar(255) NOT NULL,
  `email` varchar(255) NOT NULL,
  `contact_no` varchar(255) NOT NULL,
  `password` varchar(255) NOT NULL,
  `image` varchar(255) DEFAULT NULL,
  `created_by` int(11) DEFAULT NULL,
  `created_at` datetime DEFAULT NULL,
  `updated_by` int(11) DEFAULT NULL,
  `updated_at` datetime DEFAULT NULL,
  `deleted_at` datetime DEFAULT NULL
) ENGINE=InnoDB DEFAULT CHARSET=utf8mb4 COLLATE=utf8mb4_general_ci;

--
-- Dumping data for table `tbl_users`
--

INSERT INTO `tbl_users` (`id`, `name`, `email`, `contact_no`, `password`, `image`, `created_by`, `created_at`, `updated_by`, `updated_at`, `deleted_at`) VALUES
(1, 'Kamal Uddin', 'kamal@yahoo.com', '015', 'adcd7048512e64b48da55b027577886ee5a36350', '16847298293346.jpg', NULL, NULL, NULL, NULL, NULL),
(2, 'jasim uddin', 'jasimuddinm180@gmail.com', '123456', 'adcd7048512e64b48da55b027577886ee5a36350', NULL, NULL, NULL, NULL, NULL, NULL),
(6, 'josim1205', 'jasim@gmail.com', '123', '343ec46f518531dfd41853227d6409a5ab91e994', '16851165814532.jfif', NULL, NULL, NULL, NULL, NULL),
(9, 'jasim123', 'fuad@gmail.com', '123', '343ec46f518531dfd41853227d6409a5ab91e994', '16851167664475.jfif', NULL, NULL, NULL, NULL, NULL),
(11, 'jasim', 'noman@gmail.com', '123', '343ec46f518531dfd41853227d6409a5ab91e994', '16851170881402.jfif', NULL, NULL, NULL, NULL, NULL),
(12, 'Burhan Uddin Fuad', 'afmfuad96@gmail.com', '01676878734', 'adcd7048512e64b48da55b027577886ee5a36350', NULL, NULL, NULL, NULL, NULL, NULL);

--
-- Indexes for dumped tables
--

--
-- Indexes for table `tbl_attendance`
--
ALTER TABLE `tbl_attendance`
  ADD PRIMARY KEY (`id`);

--
-- Indexes for table `tbl_department`
--
ALTER TABLE `tbl_department`
  ADD PRIMARY KEY (`id`);

--
-- Indexes for table `tbl_designations`
--
ALTER TABLE `tbl_designations`
  ADD PRIMARY KEY (`id`);

--
-- Indexes for table `tbl_employees`
--
ALTER TABLE `tbl_employees`
  ADD PRIMARY KEY (`id`);

--
-- Indexes for table `tbl_holidays`
--
ALTER TABLE `tbl_holidays`
  ADD PRIMARY KEY (`id`);

--
-- Indexes for table `tbl_leaves`
--
ALTER TABLE `tbl_leaves`
  ADD PRIMARY KEY (`id`);

--
-- Indexes for table `tbl_overtime`
--
ALTER TABLE `tbl_overtime`
  ADD PRIMARY KEY (`id`);

--
-- Indexes for table `tbl_payroll_additions`
--
ALTER TABLE `tbl_payroll_additions`
  ADD PRIMARY KEY (`id`);

--
-- Indexes for table `tbl_payroll_deductions`
--
ALTER TABLE `tbl_payroll_deductions`
  ADD PRIMARY KEY (`id`);

--
-- Indexes for table `tbl_payroll_overtime`
--
ALTER TABLE `tbl_payroll_overtime`
  ADD PRIMARY KEY (`id`);

--
-- Indexes for table `tbl_promotion`
--
ALTER TABLE `tbl_promotion`
  ADD PRIMARY KEY (`id`);

--
-- Indexes for table `tbl_resignation`
--
ALTER TABLE `tbl_resignation`
  ADD PRIMARY KEY (`id`);

--
-- Indexes for table `tbl_salary`
--
ALTER TABLE `tbl_salary`
  ADD PRIMARY KEY (`id`);

--
-- Indexes for table `tbl_termination`
--
ALTER TABLE `tbl_termination`
  ADD PRIMARY KEY (`id`);

--
-- Indexes for table `tbl_timesheet`
--
ALTER TABLE `tbl_timesheet`
  ADD PRIMARY KEY (`id`);

--
-- Indexes for table `tbl_users`
--
ALTER TABLE `tbl_users`
  ADD PRIMARY KEY (`id`),
  ADD UNIQUE KEY `email` (`email`);

--
-- AUTO_INCREMENT for dumped tables
--

--
-- AUTO_INCREMENT for table `tbl_attendance`
--
ALTER TABLE `tbl_attendance`
  MODIFY `id` int(11) NOT NULL AUTO_INCREMENT, AUTO_INCREMENT=1540;

--
-- AUTO_INCREMENT for table `tbl_department`
--
ALTER TABLE `tbl_department`
  MODIFY `id` int(11) NOT NULL AUTO_INCREMENT, AUTO_INCREMENT=14;

--
-- AUTO_INCREMENT for table `tbl_designations`
--
ALTER TABLE `tbl_designations`
  MODIFY `id` int(11) NOT NULL AUTO_INCREMENT, AUTO_INCREMENT=32;

--
-- AUTO_INCREMENT for table `tbl_employees`
--
ALTER TABLE `tbl_employees`
  MODIFY `id` int(50) NOT NULL AUTO_INCREMENT, AUTO_INCREMENT=28;

--
-- AUTO_INCREMENT for table `tbl_holidays`
--
ALTER TABLE `tbl_holidays`
  MODIFY `id` int(11) NOT NULL AUTO_INCREMENT, AUTO_INCREMENT=4;

--
-- AUTO_INCREMENT for table `tbl_leaves`
--
ALTER TABLE `tbl_leaves`
  MODIFY `id` int(50) NOT NULL AUTO_INCREMENT, AUTO_INCREMENT=3;

--
-- AUTO_INCREMENT for table `tbl_overtime`
--
ALTER TABLE `tbl_overtime`
  MODIFY `id` int(50) NOT NULL AUTO_INCREMENT, AUTO_INCREMENT=3;

--
-- AUTO_INCREMENT for table `tbl_payroll_additions`
--
ALTER TABLE `tbl_payroll_additions`
  MODIFY `id` int(11) NOT NULL AUTO_INCREMENT, AUTO_INCREMENT=4;

--
-- AUTO_INCREMENT for table `tbl_payroll_deductions`
--
ALTER TABLE `tbl_payroll_deductions`
  MODIFY `id` int(11) NOT NULL AUTO_INCREMENT, AUTO_INCREMENT=2;

--
-- AUTO_INCREMENT for table `tbl_payroll_overtime`
--
ALTER TABLE `tbl_payroll_overtime`
  MODIFY `id` int(11) NOT NULL AUTO_INCREMENT, AUTO_INCREMENT=2;

--
-- AUTO_INCREMENT for table `tbl_promotion`
--
ALTER TABLE `tbl_promotion`
  MODIFY `id` int(50) NOT NULL AUTO_INCREMENT, AUTO_INCREMENT=4;

--
-- AUTO_INCREMENT for table `tbl_resignation`
--
ALTER TABLE `tbl_resignation`
  MODIFY `id` int(50) NOT NULL AUTO_INCREMENT;

--
-- AUTO_INCREMENT for table `tbl_salary`
--
ALTER TABLE `tbl_salary`
  MODIFY `id` int(11) NOT NULL AUTO_INCREMENT, AUTO_INCREMENT=55;

--
-- AUTO_INCREMENT for table `tbl_termination`
--
ALTER TABLE `tbl_termination`
  MODIFY `id` int(50) NOT NULL AUTO_INCREMENT;

--
-- AUTO_INCREMENT for table `tbl_timesheet`
--
ALTER TABLE `tbl_timesheet`
  MODIFY `id` int(11) NOT NULL AUTO_INCREMENT;

--
-- AUTO_INCREMENT for table `tbl_users`
--
ALTER TABLE `tbl_users`
  MODIFY `id` int(11) NOT NULL AUTO_INCREMENT, AUTO_INCREMENT=13;
COMMIT;

/*!40101 SET CHARACTER_SET_CLIENT=@OLD_CHARACTER_SET_CLIENT */;
/*!40101 SET CHARACTER_SET_RESULTS=@OLD_CHARACTER_SET_RESULTS */;
/*!40101 SET COLLATION_CONNECTION=@OLD_COLLATION_CONNECTION */;
